id,merchant_id,name,email,phone
cust_demo_001,m_demo,Aarav Verma,cust001_m_demo@example.local,9831980933
cust_demo_002,m_demo,Karan Kumar,cust002_m_demo@example.local,9925276600
cust_demo_003,m_demo,Rohan Verma,cust003_m_demo@example.local,9415143362
cust_demo_004,m_demo,Amit Gupta,cust004_m_demo@example.local,9587182120
cust_demo_005,m_demo,Aarav Kumar,cust005_m_demo@example.local,9637500247
cust_demo_006,m_demo,Sai Joshi,cust006_m_demo@example.local,9214257751
cust_demo_007,m_demo,Kavya Joshi,cust007_m_demo@example.local,9753876785
cust_demo_008,m_demo,Aisha Gupta,cust008_m_demo@example.local,9501486939
cust_demo_009,m_demo,Sai Joshi,cust009_m_demo@example.local,9936043811
cust_demo_010,m_demo,Pooja Sharma,cust010_m_demo@example.local,9743111853
cust_demo_011,m_demo,Rohan Nair,cust011_m_demo@example.local,9120912992
cust_demo_012,m_demo,Arjun Singh,cust012_m_demo@example.local,9992994062
cust_demo_013,m_demo,Kavya Patel,cust013_m_demo@example.local,9162196678
cust_demo_014,m_demo,Diya Mehta,cust014_m_demo@example.local,9184564737
cust_demo_015,m_demo,Aditya Nair,cust015_m_demo@example.local,9976198296
cust_demo_016,m_demo,Aditya Joshi,cust016_m_demo@example.local,9922308461
cust_demo_017,m_demo,Reyansh Gupta,cust017_m_demo@example.local,9808402051
cust_demo_018,m_demo,Rahul Joshi,cust018_m_demo@example.local,9277303722
cust_demo_019,m_demo,Ananya Joshi,cust019_m_demo@example.local,9751325257
cust_demo_020,m_demo,Amit Patel,cust020_m_demo@example.local,9679064766
cust_demo_021,m_demo,Aisha Kumar,cust021_m_demo@example.local,9528414718
cust_demo_022,m_demo,Priya Nair,cust022_m_demo@example.local,9655742829
cust_demo_023,m_demo,Sneha Verma,cust023_m_demo@example.local,9366186631
cust_demo_024,m_demo,Diya Verma,cust024_m_demo@example.local,9463016614
cust_demo_025,m_demo,Aarav Mehta,cust025_m_demo@example.local,9694768704
cust_demo_026,m_demo,Diya Mehta,cust026_m_demo@example.local,9336456621
cust_demo_027,m_demo,Aarav Verma,cust027_m_demo@example.local,9860038427
cust_demo_028,m_demo,Vivaan Patel,cust028_m_demo@example.local,9172370545
cust_demo_029,m_demo,Vivaan Singh,cust029_m_demo@example.local,9176082500
cust_demo_030,m_demo,Pooja Patel,cust030_m_demo@example.local,9399012686
cust_demo_031,m_demo,Rahul Patel,cust031_m_demo@example.local,9678998028
cust_demo_032,m_demo,Reyansh Mehta,cust032_m_demo@example.local,9718702544
cust_demo_033,m_demo,Rahul Patel,cust033_m_demo@example.local,9942478695
cust_demo_034,m_demo,Rahul Reddy,cust034_m_demo@example.local,9304451095
cust_demo_035,m_demo,Arjun Verma,cust035_m_demo@example.local,9807577342
cust_demo_036,m_demo,Amit Singh,cust036_m_demo@example.local,9554814084
cust_demo_037,m_demo,Amit Nair,cust037_m_demo@example.local,9882839238
cust_demo_038,m_demo,Vivaan Verma,cust038_m_demo@example.local,9165082363
cust_demo_039,m_demo,Neha Singh,cust039_m_demo@example.local,9959629660
cust_demo_040,m_demo,Arjun Patel,cust040_m_demo@example.local,9305718272
cust_demo_041,m_demo,Aisha Joshi,cust041_m_demo@example.local,9581695135
cust_demo_042,m_demo,Reyansh Reddy,cust042_m_demo@example.local,9297018781
cust_demo_043,m_demo,Ananya Nair,cust043_m_demo@example.local,9368227631
cust_demo_044,m_demo,Aditya Nair,cust044_m_demo@example.local,9967607278
cust_demo_045,m_demo,Karan Verma,cust045_m_demo@example.local,9154318806
cust_demo_046,m_demo,Karan Sharma,cust046_m_demo@example.local,9200140141
cust_demo_047,m_demo,Diya Gupta,cust047_m_demo@example.local,9536383774
cust_demo_048,m_demo,Rahul Nair,cust048_m_demo@example.local,9329509408
cust_demo_049,m_demo,Neha Sharma,cust049_m_demo@example.local,9276777762
cust_demo_050,m_demo,Neha Sharma,cust050_m_demo@example.local,9519212169
cust_demo_051,m_demo,Ananya Nair,cust051_m_demo@example.local,9406284028
cust_demo_052,m_demo,Amit Joshi,cust052_m_demo@example.local,9810678904
cust_demo_053,m_demo,Rahul Gupta,cust053_m_demo@example.local,9303901283
cust_demo_054,m_demo,Kavya Patel,cust054_m_demo@example.local,9162795957
cust_demo_055,m_demo,Meera Joshi,cust055_m_demo@example.local,9165452690
cust_demo_056,m_demo,Rohan Sharma,cust056_m_demo@example.local,9153839920
cust_demo_057,m_demo,Meera Nair,cust057_m_demo@example.local,9639931481
cust_demo_058,m_demo,Pooja Gupta,cust058_m_demo@example.local,9161073976
cust_demo_059,m_demo,Pooja Verma,cust059_m_demo@example.local,9299528037
cust_demo_060,m_demo,Aditya Mehta,cust060_m_demo@example.local,9172972420
cust_demo_061,m_demo,Diya Reddy,cust061_m_demo@example.local,9228727266
cust_demo_062,m_demo,Meera Patel,cust062_m_demo@example.local,9721609600
cust_demo_063,m_demo,Vikram Sharma,cust063_m_demo@example.local,9765055833
cust_demo_064,m_demo,Aditya Reddy,cust064_m_demo@example.local,9805849060
cust_demo_065,m_demo,Meera Mehta,cust065_m_demo@example.local,9661333669
cust_demo_066,m_demo,Rohan Kumar,cust066_m_demo@example.local,9319321646
cust_demo_067,m_demo,Rohan Patel,cust067_m_demo@example.local,9385201412
cust_demo_068,m_demo,Neha Gupta,cust068_m_demo@example.local,9821221887
cust_demo_069,m_demo,Kavya Nair,cust069_m_demo@example.local,9439492674
cust_demo_070,m_demo,Aditya Sharma,cust070_m_demo@example.local,9592080329
cust_demo_071,m_demo,Vikram Mehta,cust071_m_demo@example.local,9207354053
cust_demo_072,m_demo,Aditya Joshi,cust072_m_demo@example.local,9328872698
cust_demo_073,m_demo,Pooja Kumar,cust073_m_demo@example.local,9242224154
cust_demo_074,m_demo,Priya Verma,cust074_m_demo@example.local,9362298393
cust_demo_075,m_demo,Priya Kumar,cust075_m_demo@example.local,9269379374
cust_demo_076,m_demo,Sneha Joshi,cust076_m_demo@example.local,9855420240
cust_demo_077,m_demo,Kavya Mehta,cust077_m_demo@example.local,9966616964
cust_demo_078,m_demo,Pooja Sharma,cust078_m_demo@example.local,9817112652
cust_demo_079,m_demo,Karan Kumar,cust079_m_demo@example.local,9812308209
cust_demo_080,m_demo,Arjun Gupta,cust080_m_demo@example.local,9383968123
cust_demo_081,m_demo,Arjun Verma,cust081_m_demo@example.local,9897163846
cust_demo_082,m_demo,Karan Gupta,cust082_m_demo@example.local,9392431670
cust_demo_083,m_demo,Kavya Mehta,cust083_m_demo@example.local,9326161867
cust_demo_084,m_demo,Rohan Patel,cust084_m_demo@example.local,9838194420
cust_demo_085,m_demo,Ananya Joshi,cust085_m_demo@example.local,9624557080
cust_demo_086,m_demo,Ananya Sharma,cust086_m_demo@example.local,9199104722
cust_demo_087,m_demo,Amit Kumar,cust087_m_demo@example.local,9147337803
cust_demo_088,m_demo,Aarav Singh,cust088_m_demo@example.local,9927982963
cust_demo_089,m_demo,Reyansh Kumar,cust089_m_demo@example.local,9273497327
cust_demo_090,m_demo,Sneha Joshi,cust090_m_demo@example.local,9857704655
cust_demo_091,m_demo,Amit Joshi,cust091_m_demo@example.local,9110382761
cust_demo_092,m_demo,Arjun Verma,cust092_m_demo@example.local,9841976666
cust_demo_093,m_demo,Reyansh Joshi,cust093_m_demo@example.local,9138684919
cust_demo_094,m_demo,Priya Mehta,cust094_m_demo@example.local,9693269304
cust_demo_095,m_demo,Reyansh Reddy,cust095_m_demo@example.local,9236843584
cust_demo_096,m_demo,Vivaan Kumar,cust096_m_demo@example.local,9491541578
cust_demo_097,m_demo,Vivaan Singh,cust097_m_demo@example.local,9325567963
cust_demo_098,m_demo,Diya Verma,cust098_m_demo@example.local,9479759538
cust_demo_099,m_demo,Karan Reddy,cust099_m_demo@example.local,9766430218
cust_demo_100,m_demo,Reyansh Patel,cust100_m_demo@example.local,9274484941
cust_demo_101,m_demo,Sai Reddy,cust101_m_demo@example.local,9126614158
cust_demo_102,m_demo,Sai Singh,cust102_m_demo@example.local,9940081098
cust_demo_103,m_demo,Amit Patel,cust103_m_demo@example.local,9386480450
cust_demo_104,m_demo,Sai Verma,cust104_m_demo@example.local,9510751046
cust_demo_105,m_demo,Vivaan Nair,cust105_m_demo@example.local,9338836384
cust_demo_106,m_demo,Aisha Nair,cust106_m_demo@example.local,9475442872
cust_demo_107,m_demo,Kavya Patel,cust107_m_demo@example.local,9339362341
cust_demo_108,m_demo,Aarav Patel,cust108_m_demo@example.local,9527849588
cust_demo_109,m_demo,Rohan Kumar,cust109_m_demo@example.local,9174539964
cust_demo_110,m_demo,Ananya Singh,cust110_m_demo@example.local,9788785773
cust_demo_111,m_demo,Pooja Reddy,cust111_m_demo@example.local,9829627019
cust_demo_112,m_demo,Karan Singh,cust112_m_demo@example.local,9129635852
cust_demo_113,m_demo,Arjun Kumar,cust113_m_demo@example.local,9291735734
cust_demo_114,m_demo,Meera Kumar,cust114_m_demo@example.local,9141078352
cust_demo_115,m_demo,Arjun Mehta,cust115_m_demo@example.local,9566609283
cust_demo_116,m_demo,Priya Singh,cust116_m_demo@example.local,9568574364
cust_demo_117,m_demo,Vikram Joshi,cust117_m_demo@example.local,9224173718
cust_demo_118,m_demo,Neha Mehta,cust118_m_demo@example.local,9304095531
cust_demo_119,m_demo,Ananya Sharma,cust119_m_demo@example.local,9861052404
cust_demo_120,m_demo,Amit Sharma,cust120_m_demo@example.local,9658260221
cust_acme_001,m_acme,Diya Singh,cust001_m_acme@example.local,9435106513
cust_acme_002,m_acme,Reyansh Verma,cust002_m_acme@example.local,9511834185
cust_acme_003,m_acme,Pooja Mehta,cust003_m_acme@example.local,9428688580
cust_acme_004,m_acme,Sai Verma,cust004_m_acme@example.local,9984595578
cust_acme_005,m_acme,Vivaan Kumar,cust005_m_acme@example.local,9412273967
cust_acme_006,m_acme,Sneha Joshi,cust006_m_acme@example.local,9740347321
cust_acme_007,m_acme,Pooja Singh,cust007_m_acme@example.local,9565644493
cust_acme_008,m_acme,Reyansh Singh,cust008_m_acme@example.local,9626325353
cust_acme_009,m_acme,Priya Patel,cust009_m_acme@example.local,9277042316
cust_acme_010,m_acme,Neha Sharma,cust010_m_acme@example.local,9345262270
cust_acme_011,m_acme,Diya Gupta,cust011_m_acme@example.local,9326763783
cust_acme_012,m_acme,Aarav Mehta,cust012_m_acme@example.local,9641846158
cust_acme_013,m_acme,Sai Verma,cust013_m_acme@example.local,9493624575
cust_acme_014,m_acme,Vivaan Reddy,cust014_m_acme@example.local,9787539531
cust_acme_015,m_acme,Ananya Joshi,cust015_m_acme@example.local,9769085879
cust_acme_016,m_acme,Vivaan Mehta,cust016_m_acme@example.local,9151497057
cust_acme_017,m_acme,Arjun Sharma,cust017_m_acme@example.local,9151791998
cust_acme_018,m_acme,Arjun Reddy,cust018_m_acme@example.local,9577078832
cust_acme_019,m_acme,Neha Verma,cust019_m_acme@example.local,9687639985
cust_acme_020,m_acme,Ananya Nair,cust020_m_acme@example.local,9853625262
cust_acme_021,m_acme,Reyansh Patel,cust021_m_acme@example.local,9846456758
cust_acme_022,m_acme,Aarav Kumar,cust022_m_acme@example.local,9551907286
cust_acme_023,m_acme,Arjun Joshi,cust023_m_acme@example.local,9389885759
cust_acme_024,m_acme,Vikram Mehta,cust024_m_acme@example.local,9852399189
cust_acme_025,m_acme,Reyansh Reddy,cust025_m_acme@example.local,9991906567
cust_acme_026,m_acme,Arjun Joshi,cust026_m_acme@example.local,9871769353
cust_acme_027,m_acme,Vikram Verma,cust027_m_acme@example.local,9403554082
cust_acme_028,m_acme,Arjun Verma,cust028_m_acme@example.local,9634443249
cust_acme_029,m_acme,Aisha Mehta,cust029_m_acme@example.local,9314479266
cust_acme_030,m_acme,Ananya Joshi,cust030_m_acme@example.local,9316544937
cust_acme_031,m_acme,Priya Reddy,cust031_m_acme@example.local,9417130941
cust_acme_032,m_acme,Sai Sharma,cust032_m_acme@example.local,9688559516
cust_acme_033,m_acme,Rahul Patel,cust033_m_acme@example.local,9838953322
cust_acme_034,m_acme,Rahul Singh,cust034_m_acme@example.local,9351798116
cust_acme_035,m_acme,Aarav Sharma,cust035_m_acme@example.local,9821160591
cust_acme_036,m_acme,Aditya Verma,cust036_m_acme@example.local,9996823706
cust_acme_037,m_acme,Meera Nair,cust037_m_acme@example.local,9260142678
cust_acme_038,m_acme,Aditya Joshi,cust038_m_acme@example.local,9180582403
cust_acme_039,m_acme,Arjun Kumar,cust039_m_acme@example.local,9791851361
cust_acme_040,m_acme,Diya Nair,cust040_m_acme@example.local,9417851397
cust_acme_041,m_acme,Ananya Nair,cust041_m_acme@example.local,9153773200
cust_acme_042,m_acme,Arjun Gupta,cust042_m_acme@example.local,9142353230
cust_acme_043,m_acme,Kavya Singh,cust043_m_acme@example.local,9960707259
cust_acme_044,m_acme,Rohan Reddy,cust044_m_acme@example.local,9893001503
cust_acme_045,m_acme,Arjun Verma,cust045_m_acme@example.local,9914115345
cust_acme_046,m_acme,Vivaan Sharma,cust046_m_acme@example.local,9248599901
cust_acme_047,m_acme,Sai Singh,cust047_m_acme@example.local,9483892122
cust_acme_048,m_acme,Sneha Mehta,cust048_m_acme@example.local,9388095021
cust_acme_049,m_acme,Aditya Singh,cust049_m_acme@example.local,9975061242
cust_acme_050,m_acme,Rohan Gupta,cust050_m_acme@example.local,9222226183
cust_acme_051,m_acme,Neha Reddy,cust051_m_acme@example.local,9590204687
cust_acme_052,m_acme,Ananya Reddy,cust052_m_acme@example.local,9840777094
cust_acme_053,m_acme,Rahul Reddy,cust053_m_acme@example.local,9796693603
cust_acme_054,m_acme,Sai Verma,cust054_m_acme@example.local,9242283221
cust_acme_055,m_acme,Vivaan Gupta,cust055_m_acme@example.local,9211361103
cust_acme_056,m_acme,Amit Mehta,cust056_m_acme@example.local,9618268171
cust_acme_057,m_acme,Meera Nair,cust057_m_acme@example.local,9294627041
cust_acme_058,m_acme,Vikram Reddy,cust058_m_acme@example.local,9936621291
cust_acme_059,m_acme,Priya Mehta,cust059_m_acme@example.local,9130941191
cust_acme_060,m_acme,Reyansh Nair,cust060_m_acme@example.local,9624117847
