order_id,product_id,quantity,unit_price,line_total
ord_demo_00001,prod_demo_22,1,846200,846200
ord_demo_00002,prod_demo_22,1,846200,846200
ord_demo_00003,prod_demo_13,1,10303400,10303400
ord_demo_00004,prod_demo_10,1,3097100,3097100
ord_demo_00005,prod_demo_15,1,91900,91900
ord_demo_00006,prod_demo_03,1,759500,759500
ord_demo_00007,prod_demo_10,1,3097100,3097100
ord_demo_00007,prod_demo_08,1,134500,134500
ord_demo_00008,prod_demo_03,1,759500,759500
ord_demo_00009,prod_demo_13,1,10303400,10303400
ord_demo_00009,prod_demo_06,1,115200,115200
ord_demo_00010,prod_demo_18,1,2159900,2159900
ord_demo_00011,prod_demo_05,1,2942800,2942800
ord_demo_00012,prod_demo_15,1,91900,91900
ord_demo_00013,prod_demo_15,1,91900,91900
ord_demo_00014,prod_demo_21,1,152200,152200
ord_demo_00015,prod_demo_23,1,80800,80800
ord_demo_00016,prod_demo_08,1,134500,134500
ord_demo_00017,prod_demo_07,2,61900,123800
ord_demo_00017,prod_demo_20,1,47100,47100
ord_demo_00018,prod_demo_19,1,418400,418400
ord_demo_00019,prod_demo_12,1,572000,572000
ord_demo_00020,prod_demo_24,1,161200,161200
ord_demo_00021,prod_demo_08,1,134500,134500
ord_demo_00022,prod_demo_22,1,846200,846200
ord_demo_00023,prod_demo_01,1,2033400,2033400
ord_demo_00024,prod_demo_14,1,2359800,2359800
ord_demo_00024,prod_demo_13,1,10303400,10303400
ord_demo_00025,prod_demo_11,1,125100,125100
ord_demo_00026,prod_demo_14,1,2359800,2359800
ord_demo_00026,prod_demo_06,1,115200,115200
ord_demo_00027,prod_demo_08,1,134500,134500
ord_demo_00028,prod_demo_01,1,2033400,2033400
ord_demo_00028,prod_demo_05,1,2942800,2942800
ord_demo_00029,prod_demo_16,1,8342200,8342200
ord_demo_00030,prod_demo_10,1,3097100,3097100
ord_demo_00030,prod_demo_15,1,91900,91900
ord_demo_00031,prod_demo_23,1,80800,80800
ord_demo_00031,prod_demo_20,2,47100,94200
ord_demo_00031,prod_demo_12,1,572000,572000
ord_demo_00032,prod_demo_02,1,804700,804700
ord_demo_00033,prod_demo_14,1,2359800,2359800
ord_demo_00033,prod_demo_15,1,91900,91900
ord_demo_00034,prod_demo_24,1,161200,161200
ord_demo_00035,prod_demo_20,1,47100,47100
ord_demo_00036,prod_demo_11,1,125100,125100
ord_demo_00037,prod_demo_15,1,91900,91900
ord_demo_00038,prod_demo_11,1,125100,125100
ord_demo_00039,prod_demo_09,1,170100,170100
ord_demo_00040,prod_demo_01,1,2033400,2033400
ord_demo_00041,prod_demo_18,1,2159900,2159900
ord_demo_00042,prod_demo_23,1,80800,80800
ord_demo_00043,prod_demo_17,1,262600,262600
ord_demo_00044,prod_demo_10,1,3097100,3097100
ord_demo_00045,prod_demo_18,1,2159900,2159900
ord_demo_00046,prod_demo_07,1,61900,61900
ord_demo_00047,prod_demo_07,1,61900,61900
ord_demo_00048,prod_demo_02,1,804700,804700
ord_demo_00049,prod_demo_01,1,2033400,2033400
ord_demo_00050,prod_demo_03,1,759500,759500
ord_demo_00050,prod_demo_20,1,47100,47100
ord_demo_00051,prod_demo_04,1,103300,103300
ord_demo_00052,prod_demo_20,1,47100,47100
ord_demo_00053,prod_demo_15,1,91900,91900
ord_demo_00054,prod_demo_20,2,47100,94200
ord_demo_00055,prod_demo_07,2,61900,123800
ord_demo_00055,prod_demo_03,1,759500,759500
ord_demo_00056,prod_demo_15,1,91900,91900
ord_demo_00056,prod_demo_10,1,3097100,3097100
ord_demo_00057,prod_demo_22,1,846200,846200
ord_demo_00058,prod_demo_04,1,103300,103300
ord_demo_00059,prod_demo_09,1,170100,170100
ord_demo_00059,prod_demo_06,1,115200,115200
ord_demo_00060,prod_demo_24,1,161200,161200
ord_demo_00061,prod_demo_13,1,10303400,10303400
ord_demo_00061,prod_demo_20,1,47100,47100
ord_demo_00062,prod_demo_08,1,134500,134500
ord_demo_00063,prod_demo_01,1,2033400,2033400
ord_demo_00064,prod_demo_06,1,115200,115200
ord_demo_00065,prod_demo_14,1,2359800,2359800
ord_demo_00066,prod_demo_11,1,125100,125100
ord_demo_00067,prod_demo_14,1,2359800,2359800
ord_demo_00068,prod_demo_15,1,91900,91900
ord_demo_00068,prod_demo_20,1,47100,47100
ord_demo_00069,prod_demo_18,1,2159900,2159900
ord_demo_00070,prod_demo_17,1,262600,262600
ord_demo_00071,prod_demo_18,1,2159900,2159900
ord_demo_00072,prod_demo_23,1,80800,80800
ord_demo_00072,prod_demo_22,1,846200,846200
ord_demo_00073,prod_demo_04,1,103300,103300
ord_demo_00074,prod_demo_05,1,2942800,2942800
ord_demo_00075,prod_demo_16,1,8342200,8342200
ord_demo_00076,prod_demo_03,1,759500,759500
ord_demo_00077,prod_demo_01,1,2033400,2033400
ord_demo_00078,prod_demo_05,1,2942800,2942800
ord_demo_00079,prod_demo_11,1,125100,125100
ord_demo_00080,prod_demo_13,1,10303400,10303400
ord_demo_00080,prod_demo_23,1,80800,80800
ord_demo_00080,prod_demo_21,1,152200,152200
ord_demo_00081,prod_demo_02,1,804700,804700
ord_demo_00081,prod_demo_15,1,91900,91900
ord_demo_00082,prod_demo_24,1,161200,161200
ord_demo_00083,prod_demo_03,1,759500,759500
ord_demo_00084,prod_demo_18,1,2159900,2159900
ord_demo_00085,prod_demo_23,1,80800,80800
ord_demo_00086,prod_demo_22,1,846200,846200
ord_demo_00087,prod_demo_21,1,152200,152200
ord_demo_00088,prod_demo_06,1,115200,115200
ord_demo_00088,prod_demo_02,1,804700,804700
ord_demo_00089,prod_demo_12,1,572000,572000
ord_demo_00090,prod_demo_03,1,759500,759500
ord_demo_00091,prod_demo_08,1,134500,134500
ord_demo_00092,prod_demo_15,1,91900,91900
ord_demo_00093,prod_demo_10,1,3097100,3097100
ord_demo_00094,prod_demo_13,1,10303400,10303400
ord_demo_00094,prod_demo_21,1,152200,152200
ord_demo_00095,prod_demo_09,1,170100,170100
ord_demo_00095,prod_demo_20,1,47100,47100
ord_demo_00096,prod_demo_12,1,572000,572000
ord_demo_00096,prod_demo_20,1,47100,47100
ord_demo_00097,prod_demo_04,1,103300,103300
ord_demo_00098,prod_demo_10,1,3097100,3097100
ord_demo_00098,prod_demo_15,2,91900,183800
ord_demo_00099,prod_demo_24,1,161200,161200
ord_demo_00100,prod_demo_18,1,2159900,2159900
ord_demo_00101,prod_demo_09,1,170100,170100
ord_demo_00102,prod_demo_11,1,125100,125100
ord_demo_00103,prod_demo_05,1,2942800,2942800
ord_demo_00104,prod_demo_03,1,759500,759500
ord_demo_00104,prod_demo_20,1,47100,47100
ord_demo_00105,prod_demo_21,1,152200,152200
ord_demo_00106,prod_demo_08,1,134500,134500
ord_demo_00107,prod_demo_18,1,2159900,2159900
ord_demo_00108,prod_demo_23,1,80800,80800
ord_demo_00109,prod_demo_04,1,103300,103300
ord_demo_00110,prod_demo_13,1,10303400,10303400
ord_demo_00111,prod_demo_04,1,103300,103300
ord_demo_00112,prod_demo_09,1,170100,170100
ord_demo_00112,prod_demo_20,1,47100,47100
ord_demo_00113,prod_demo_12,1,572000,572000
ord_demo_00113,prod_demo_15,1,91900,91900
ord_demo_00114,prod_demo_22,1,846200,846200
ord_demo_00114,prod_demo_11,1,125100,125100
ord_demo_00115,prod_demo_19,1,418400,418400
ord_demo_00116,prod_demo_19,1,418400,418400
ord_demo_00117,prod_demo_05,1,2942800,2942800
ord_demo_00118,prod_demo_18,1,2159900,2159900
ord_demo_00119,prod_demo_22,1,846200,846200
ord_demo_00119,prod_demo_20,1,47100,47100
ord_demo_00120,prod_demo_02,1,804700,804700
ord_demo_00120,prod_demo_23,1,80800,80800
ord_demo_00121,prod_demo_15,1,91900,91900
ord_demo_00121,prod_demo_22,1,846200,846200
ord_demo_00122,prod_demo_01,1,2033400,2033400
ord_demo_00122,prod_demo_17,1,262600,262600
ord_demo_00123,prod_demo_23,2,80800,161600
ord_demo_00123,prod_demo_02,1,804700,804700
ord_demo_00124,prod_demo_20,1,47100,47100
ord_demo_00125,prod_demo_17,1,262600,262600
ord_demo_00125,prod_demo_20,1,47100,47100
ord_demo_00126,prod_demo_15,1,91900,91900
ord_demo_00127,prod_demo_14,1,2359800,2359800
ord_demo_00128,prod_demo_03,1,759500,759500
ord_demo_00128,prod_demo_20,2,47100,94200
ord_demo_00129,prod_demo_18,1,2159900,2159900
ord_demo_00130,prod_demo_12,1,572000,572000
ord_demo_00131,prod_demo_10,1,3097100,3097100
ord_demo_00132,prod_demo_08,1,134500,134500
ord_demo_00133,prod_demo_18,1,2159900,2159900
ord_demo_00134,prod_demo_08,1,134500,134500
ord_demo_00135,prod_demo_20,1,47100,47100
ord_demo_00136,prod_demo_06,1,115200,115200
ord_demo_00137,prod_demo_06,1,115200,115200
ord_demo_00138,prod_demo_01,1,2033400,2033400
ord_demo_00139,prod_demo_06,1,115200,115200
ord_demo_00140,prod_demo_03,1,759500,759500
ord_demo_00140,prod_demo_20,1,47100,47100
ord_demo_00141,prod_demo_17,1,262600,262600
ord_demo_00141,prod_demo_23,1,80800,80800
ord_demo_00141,prod_demo_20,1,47100,47100
ord_demo_00142,prod_demo_07,1,61900,61900
ord_demo_00143,prod_demo_01,1,2033400,2033400
ord_demo_00144,prod_demo_17,1,262600,262600
ord_demo_00145,prod_demo_01,1,2033400,2033400
ord_demo_00145,prod_demo_15,1,91900,91900
ord_demo_00146,prod_demo_10,1,3097100,3097100
ord_demo_00146,prod_demo_15,1,91900,91900
ord_demo_00147,prod_demo_23,1,80800,80800
ord_demo_00147,prod_demo_02,1,804700,804700
ord_demo_00148,prod_demo_13,1,10303400,10303400
ord_demo_00148,prod_demo_01,1,2033400,2033400
ord_demo_00149,prod_demo_05,1,2942800,2942800
ord_demo_00150,prod_demo_21,1,152200,152200
ord_demo_00151,prod_demo_19,1,418400,418400
ord_demo_00152,prod_demo_21,1,152200,152200
ord_demo_00153,prod_demo_21,1,152200,152200
ord_demo_00154,prod_demo_16,1,8342200,8342200
ord_demo_00154,prod_demo_20,2,47100,94200
ord_demo_00155,prod_demo_21,1,152200,152200
ord_demo_00156,prod_demo_20,1,47100,47100
ord_demo_00157,prod_demo_24,1,161200,161200
ord_demo_00158,prod_demo_19,1,418400,418400
ord_demo_00159,prod_demo_05,1,2942800,2942800
ord_demo_00160,prod_demo_08,1,134500,134500
ord_demo_00161,prod_demo_17,1,262600,262600
ord_demo_00162,prod_demo_20,1,47100,47100
ord_demo_00162,prod_demo_21,1,152200,152200
ord_demo_00163,prod_demo_04,1,103300,103300
ord_demo_00164,prod_demo_09,1,170100,170100
ord_demo_00165,prod_demo_05,1,2942800,2942800
ord_demo_00166,prod_demo_23,2,80800,161600
ord_demo_00167,prod_demo_21,1,152200,152200
ord_demo_00168,prod_demo_23,1,80800,80800
ord_demo_00169,prod_demo_14,1,2359800,2359800
ord_demo_00169,prod_demo_15,1,91900,91900
ord_demo_00170,prod_demo_08,1,134500,134500
ord_demo_00171,prod_demo_10,1,3097100,3097100
ord_demo_00171,prod_demo_06,1,115200,115200
ord_demo_00172,prod_demo_23,1,80800,80800
ord_demo_00173,prod_demo_22,1,846200,846200
ord_demo_00174,prod_demo_18,1,2159900,2159900
ord_demo_00175,prod_demo_07,1,61900,61900
ord_demo_00176,prod_demo_17,1,262600,262600
ord_demo_00176,prod_demo_20,1,47100,47100
ord_demo_00177,prod_demo_12,1,572000,572000
ord_demo_00177,prod_demo_20,1,47100,47100
ord_demo_00178,prod_demo_14,1,2359800,2359800
ord_demo_00179,prod_demo_01,1,2033400,2033400
ord_demo_00180,prod_demo_04,1,103300,103300
ord_demo_00181,prod_demo_05,1,2942800,2942800
ord_demo_00182,prod_demo_23,2,80800,161600
ord_demo_00183,prod_demo_05,1,2942800,2942800
ord_demo_00184,prod_demo_10,1,3097100,3097100
ord_demo_00185,prod_demo_03,1,759500,759500
ord_demo_00185,prod_demo_23,1,80800,80800
ord_demo_00185,prod_demo_09,1,170100,170100
ord_demo_00186,prod_demo_12,1,572000,572000
ord_demo_00187,prod_demo_17,1,262600,262600
ord_demo_00187,prod_demo_16,1,8342200,8342200
ord_demo_00188,prod_demo_13,1,10303400,10303400
ord_demo_00188,prod_demo_09,1,170100,170100
ord_demo_00189,prod_demo_18,1,2159900,2159900
ord_demo_00190,prod_demo_22,1,846200,846200
ord_demo_00191,prod_demo_15,1,91900,91900
ord_demo_00191,prod_demo_20,1,47100,47100
ord_demo_00191,prod_demo_03,1,759500,759500
ord_demo_00192,prod_demo_18,1,2159900,2159900
ord_demo_00193,prod_demo_21,1,152200,152200
ord_demo_00194,prod_demo_21,1,152200,152200
ord_demo_00195,prod_demo_12,1,572000,572000
ord_demo_00196,prod_demo_16,1,8342200,8342200
ord_demo_00196,prod_demo_14,1,2359800,2359800
ord_demo_00196,prod_demo_20,1,47100,47100
ord_demo_00197,prod_demo_10,1,3097100,3097100
ord_demo_00197,prod_demo_15,1,91900,91900
ord_demo_00198,prod_demo_24,1,161200,161200
ord_demo_00199,prod_demo_14,1,2359800,2359800
ord_demo_00200,prod_demo_21,1,152200,152200
ord_demo_00201,prod_demo_24,1,161200,161200
ord_demo_00202,prod_demo_20,1,47100,47100
ord_demo_00203,prod_demo_08,1,134500,134500
ord_demo_00204,prod_demo_13,1,10303400,10303400
ord_demo_00204,prod_demo_08,1,134500,134500
ord_demo_00205,prod_demo_09,1,170100,170100
ord_demo_00206,prod_demo_17,1,262600,262600
ord_demo_00207,prod_demo_20,1,47100,47100
ord_demo_00208,prod_demo_05,1,2942800,2942800
ord_demo_00209,prod_demo_22,1,846200,846200
ord_demo_00210,prod_demo_10,1,3097100,3097100
ord_demo_00211,prod_demo_12,1,572000,572000
ord_demo_00211,prod_demo_20,1,47100,47100
ord_demo_00212,prod_demo_05,1,2942800,2942800
ord_demo_00212,prod_demo_15,1,91900,91900
ord_demo_00213,prod_demo_14,1,2359800,2359800
ord_demo_00213,prod_demo_11,1,125100,125100
ord_demo_00214,prod_demo_15,1,91900,91900
ord_demo_00215,prod_demo_06,1,115200,115200
ord_demo_00216,prod_demo_04,1,103300,103300
ord_demo_00217,prod_demo_06,1,115200,115200
ord_demo_00218,prod_demo_10,1,3097100,3097100
ord_demo_00219,prod_demo_03,1,759500,759500
ord_demo_00219,prod_demo_20,1,47100,47100
ord_demo_00220,prod_demo_19,1,418400,418400
ord_demo_00220,prod_demo_20,1,47100,47100
ord_demo_00221,prod_demo_21,1,152200,152200
ord_demo_00222,prod_demo_20,1,47100,47100
ord_demo_00223,prod_demo_10,1,3097100,3097100
ord_demo_00224,prod_demo_03,1,759500,759500
ord_demo_00224,prod_demo_20,1,47100,47100
ord_demo_00225,prod_demo_23,1,80800,80800
ord_demo_00226,prod_demo_18,1,2159900,2159900
ord_demo_00227,prod_demo_04,1,103300,103300
ord_demo_00228,prod_demo_04,1,103300,103300
ord_demo_00228,prod_demo_13,1,10303400,10303400
ord_demo_00229,prod_demo_11,1,125100,125100
ord_demo_00230,prod_demo_06,1,115200,115200
ord_demo_00231,prod_demo_01,1,2033400,2033400
ord_demo_00232,prod_demo_19,1,418400,418400
ord_demo_00232,prod_demo_16,1,8342200,8342200
ord_demo_00233,prod_demo_21,1,152200,152200
ord_demo_00234,prod_demo_04,1,103300,103300
ord_demo_00235,prod_demo_12,1,572000,572000
ord_demo_00236,prod_demo_18,1,2159900,2159900
ord_demo_00237,prod_demo_15,1,91900,91900
ord_demo_00238,prod_demo_04,1,103300,103300
ord_demo_00239,prod_demo_12,1,572000,572000
ord_demo_00239,prod_demo_20,1,47100,47100
ord_demo_00239,prod_demo_05,1,2942800,2942800
ord_demo_00240,prod_demo_15,2,91900,183800
ord_demo_00240,prod_demo_20,1,47100,47100
ord_demo_00241,prod_demo_11,1,125100,125100
ord_demo_00242,prod_demo_01,1,2033400,2033400
ord_demo_00243,prod_demo_24,1,161200,161200
ord_demo_00244,prod_demo_20,1,47100,47100
ord_demo_00245,prod_demo_24,1,161200,161200
ord_demo_00245,prod_demo_16,1,8342200,8342200
ord_demo_00246,prod_demo_21,1,152200,152200
ord_demo_00247,prod_demo_22,1,846200,846200
ord_demo_00248,prod_demo_14,1,2359800,2359800
ord_demo_00249,prod_demo_16,1,8342200,8342200
ord_demo_00249,prod_demo_09,1,170100,170100
ord_demo_00250,prod_demo_18,1,2159900,2159900
ord_demo_00251,prod_demo_24,1,161200,161200
ord_demo_00252,prod_demo_07,1,61900,61900
ord_demo_00253,prod_demo_10,1,3097100,3097100
ord_demo_00254,prod_demo_18,1,2159900,2159900
ord_demo_00255,prod_demo_04,1,103300,103300
ord_demo_00256,prod_demo_13,1,10303400,10303400
ord_demo_00257,prod_demo_15,1,91900,91900
ord_demo_00258,prod_demo_18,1,2159900,2159900
ord_demo_00259,prod_demo_20,1,47100,47100
ord_demo_00260,prod_demo_02,1,804700,804700
ord_demo_00260,prod_demo_15,2,91900,183800
ord_demo_00261,prod_demo_06,1,115200,115200
ord_demo_00262,prod_demo_07,2,61900,123800
ord_demo_00263,prod_demo_19,1,418400,418400
ord_demo_00264,prod_demo_06,1,115200,115200
ord_demo_00265,prod_demo_16,1,8342200,8342200
ord_demo_00265,prod_demo_15,1,91900,91900
ord_demo_00265,prod_demo_09,1,170100,170100
ord_demo_00266,prod_demo_05,1,2942800,2942800
ord_demo_00267,prod_demo_06,1,115200,115200
ord_demo_00268,prod_demo_11,1,125100,125100
ord_demo_00269,prod_demo_21,1,152200,152200
ord_demo_00270,prod_demo_11,1,125100,125100
ord_demo_00271,prod_demo_05,1,2942800,2942800
ord_demo_00271,prod_demo_13,1,10303400,10303400
ord_demo_00272,prod_demo_09,1,170100,170100
ord_demo_00273,prod_demo_09,1,170100,170100
ord_demo_00274,prod_demo_15,1,91900,91900
ord_demo_00275,prod_demo_04,1,103300,103300
ord_demo_00276,prod_demo_20,1,47100,47100
ord_demo_00277,prod_demo_15,1,91900,91900
ord_demo_00278,prod_demo_08,1,134500,134500
ord_demo_00279,prod_demo_03,1,759500,759500
ord_demo_00280,prod_demo_18,1,2159900,2159900
ord_demo_00281,prod_demo_18,1,2159900,2159900
ord_demo_00282,prod_demo_17,1,262600,262600
ord_demo_00283,prod_demo_02,1,804700,804700
ord_demo_00283,prod_demo_15,1,91900,91900
ord_demo_00284,prod_demo_01,1,2033400,2033400
ord_demo_00285,prod_demo_18,1,2159900,2159900
ord_demo_00286,prod_demo_16,1,8342200,8342200
ord_demo_00286,prod_demo_23,1,80800,80800
ord_demo_00286,prod_demo_08,1,134500,134500
ord_demo_00287,prod_demo_13,1,10303400,10303400
ord_demo_00288,prod_demo_13,1,10303400,10303400
ord_demo_00288,prod_demo_20,1,47100,47100
ord_demo_00289,prod_demo_13,1,10303400,10303400
ord_demo_00290,prod_demo_22,1,846200,846200
ord_demo_00290,prod_demo_07,2,61900,123800
ord_demo_00291,prod_demo_20,1,47100,47100
ord_demo_00292,prod_demo_02,1,804700,804700
ord_demo_00293,prod_demo_17,1,262600,262600
ord_demo_00294,prod_demo_22,1,846200,846200
ord_demo_00295,prod_demo_14,1,2359800,2359800
ord_demo_00295,prod_demo_07,1,61900,61900
ord_demo_00296,prod_demo_13,1,10303400,10303400
ord_demo_00296,prod_demo_20,1,47100,47100
ord_demo_00297,prod_demo_23,1,80800,80800
ord_demo_00297,prod_demo_20,1,47100,47100
ord_demo_00298,prod_demo_08,1,134500,134500
ord_demo_00299,prod_demo_03,1,759500,759500
ord_demo_00300,prod_demo_09,1,170100,170100
ord_demo_00301,prod_demo_03,1,759500,759500
ord_demo_00302,prod_demo_11,1,125100,125100
ord_demo_00303,prod_demo_07,1,61900,61900
ord_demo_00303,prod_demo_17,1,262600,262600
ord_demo_00304,prod_demo_08,1,134500,134500
ord_demo_00305,prod_demo_15,1,91900,91900
ord_demo_00306,prod_demo_04,1,103300,103300
ord_demo_00307,prod_demo_11,1,125100,125100
ord_demo_00308,prod_demo_24,1,161200,161200
ord_demo_00309,prod_demo_19,1,418400,418400
ord_demo_00310,prod_demo_11,1,125100,125100
ord_demo_00311,prod_demo_18,1,2159900,2159900
ord_demo_00312,prod_demo_16,1,8342200,8342200
ord_demo_00312,prod_demo_20,1,47100,47100
ord_demo_00313,prod_demo_02,1,804700,804700
ord_demo_00313,prod_demo_09,1,170100,170100
ord_demo_00314,prod_demo_21,1,152200,152200
ord_demo_00315,prod_demo_07,1,61900,61900
ord_demo_00316,prod_demo_18,1,2159900,2159900
ord_demo_00317,prod_demo_24,1,161200,161200
ord_demo_00318,prod_demo_17,1,262600,262600
ord_demo_00319,prod_demo_04,1,103300,103300
ord_demo_00320,prod_demo_17,1,262600,262600
ord_demo_00320,prod_demo_13,1,10303400,10303400
ord_demo_00321,prod_demo_08,1,134500,134500
ord_demo_00322,prod_demo_22,1,846200,846200
ord_demo_00322,prod_demo_20,1,47100,47100
ord_demo_00323,prod_demo_01,1,2033400,2033400
ord_demo_00323,prod_demo_23,1,80800,80800
ord_demo_00324,prod_demo_23,1,80800,80800
ord_demo_00324,prod_demo_03,1,759500,759500
ord_demo_00325,prod_demo_18,1,2159900,2159900
ord_demo_00326,prod_demo_11,1,125100,125100
ord_demo_00326,prod_demo_07,1,61900,61900
ord_demo_00327,prod_demo_03,1,759500,759500
ord_demo_00328,prod_demo_13,1,10303400,10303400
ord_demo_00328,prod_demo_04,1,103300,103300
ord_demo_00328,prod_demo_14,1,2359800,2359800
ord_demo_00329,prod_demo_20,1,47100,47100
ord_demo_00330,prod_demo_21,1,152200,152200
ord_demo_00331,prod_demo_08,1,134500,134500
ord_demo_00332,prod_demo_06,1,115200,115200
ord_demo_00333,prod_demo_09,1,170100,170100
ord_demo_00334,prod_demo_24,1,161200,161200
ord_demo_00335,prod_demo_03,1,759500,759500
ord_demo_00335,prod_demo_15,2,91900,183800
ord_demo_00336,prod_demo_18,1,2159900,2159900
ord_demo_00337,prod_demo_01,1,2033400,2033400
ord_demo_00337,prod_demo_22,1,846200,846200
ord_demo_00337,prod_demo_15,2,91900,183800
ord_demo_00338,prod_demo_03,1,759500,759500
ord_demo_00339,prod_demo_22,1,846200,846200
ord_demo_00339,prod_demo_20,2,47100,94200
ord_demo_00340,prod_demo_09,1,170100,170100
ord_demo_00341,prod_demo_20,2,47100,94200
ord_demo_00342,prod_demo_13,1,10303400,10303400
ord_demo_00343,prod_demo_05,1,2942800,2942800
ord_demo_00344,prod_demo_13,1,10303400,10303400
ord_demo_00345,prod_demo_13,1,10303400,10303400
ord_demo_00346,prod_demo_15,1,91900,91900
ord_demo_00347,prod_demo_14,1,2359800,2359800
ord_demo_00348,prod_demo_05,1,2942800,2942800
ord_demo_00348,prod_demo_20,1,47100,47100
ord_demo_00349,prod_demo_17,1,262600,262600
ord_demo_00349,prod_demo_12,1,572000,572000
ord_demo_00350,prod_demo_21,1,152200,152200
ord_demo_00351,prod_demo_08,1,134500,134500
ord_demo_00352,prod_demo_22,1,846200,846200
ord_demo_00353,prod_demo_04,1,103300,103300
ord_demo_00354,prod_demo_17,1,262600,262600
ord_demo_00355,prod_demo_22,1,846200,846200
ord_demo_00355,prod_demo_04,1,103300,103300
ord_demo_00356,prod_demo_03,1,759500,759500
ord_demo_00356,prod_demo_07,1,61900,61900
ord_demo_00357,prod_demo_04,1,103300,103300
ord_demo_00358,prod_demo_03,1,759500,759500
ord_demo_00359,prod_demo_22,1,846200,846200
ord_demo_00360,prod_demo_08,1,134500,134500
ord_demo_00361,prod_demo_06,1,115200,115200
ord_demo_00361,prod_demo_20,1,47100,47100
ord_demo_00362,prod_demo_14,1,2359800,2359800
ord_demo_00363,prod_demo_04,1,103300,103300
ord_demo_00364,prod_demo_11,1,125100,125100
ord_demo_00365,prod_demo_22,1,846200,846200
ord_demo_00366,prod_demo_19,1,418400,418400
ord_demo_00367,prod_demo_06,1,115200,115200
ord_demo_00368,prod_demo_03,1,759500,759500
ord_demo_00369,prod_demo_05,1,2942800,2942800
ord_demo_00370,prod_demo_21,1,152200,152200
ord_demo_00371,prod_demo_06,1,115200,115200
ord_demo_00372,prod_demo_02,1,804700,804700
ord_demo_00373,prod_demo_17,1,262600,262600
ord_demo_00374,prod_demo_06,1,115200,115200
ord_demo_00374,prod_demo_20,2,47100,94200
ord_demo_00375,prod_demo_06,1,115200,115200
ord_demo_00376,prod_demo_17,1,262600,262600
ord_demo_00376,prod_demo_06,1,115200,115200
ord_demo_00377,prod_demo_02,1,804700,804700
ord_demo_00378,prod_demo_08,1,134500,134500
ord_demo_00379,prod_demo_09,1,170100,170100
ord_demo_00380,prod_demo_04,1,103300,103300
ord_demo_00381,prod_demo_23,1,80800,80800
ord_demo_00382,prod_demo_02,1,804700,804700
ord_demo_00383,prod_demo_19,1,418400,418400
ord_demo_00384,prod_demo_14,1,2359800,2359800
ord_demo_00385,prod_demo_05,1,2942800,2942800
ord_demo_00386,prod_demo_19,1,418400,418400
ord_demo_00387,prod_demo_03,1,759500,759500
ord_demo_00388,prod_demo_12,1,572000,572000
ord_demo_00389,prod_demo_12,1,572000,572000
ord_demo_00390,prod_demo_09,1,170100,170100
ord_demo_00391,prod_demo_05,1,2942800,2942800
ord_demo_00392,prod_demo_04,1,103300,103300
ord_demo_00393,prod_demo_04,1,103300,103300
ord_demo_00394,prod_demo_15,2,91900,183800
ord_demo_00394,prod_demo_20,1,47100,47100
ord_demo_00395,prod_demo_09,1,170100,170100
ord_demo_00396,prod_demo_21,1,152200,152200
ord_demo_00397,prod_demo_10,1,3097100,3097100
ord_demo_00398,prod_demo_04,1,103300,103300
ord_demo_00398,prod_demo_16,1,8342200,8342200
ord_demo_00399,prod_demo_19,1,418400,418400
ord_demo_00400,prod_demo_14,1,2359800,2359800
ord_demo_00401,prod_demo_04,1,103300,103300
ord_demo_00402,prod_demo_10,1,3097100,3097100
ord_demo_00403,prod_demo_22,1,846200,846200
ord_demo_00403,prod_demo_06,1,115200,115200
ord_demo_00404,prod_demo_05,1,2942800,2942800
ord_demo_00405,prod_demo_04,1,103300,103300
ord_demo_00406,prod_demo_11,1,125100,125100
ord_demo_00407,prod_demo_21,1,152200,152200
ord_demo_00408,prod_demo_20,1,47100,47100
ord_demo_00409,prod_demo_22,1,846200,846200
ord_demo_00409,prod_demo_20,2,47100,94200
ord_demo_00410,prod_demo_04,1,103300,103300
ord_demo_00411,prod_demo_03,1,759500,759500
ord_demo_00412,prod_demo_19,1,418400,418400
ord_demo_00413,prod_demo_19,1,418400,418400
ord_demo_00414,prod_demo_02,1,804700,804700
ord_demo_00415,prod_demo_23,2,80800,161600
ord_demo_00416,prod_demo_03,1,759500,759500
ord_demo_00416,prod_demo_20,1,47100,47100
ord_demo_00417,prod_demo_21,1,152200,152200
ord_demo_00417,prod_demo_23,1,80800,80800
ord_demo_00418,prod_demo_08,1,134500,134500
ord_demo_00419,prod_demo_15,1,91900,91900
ord_demo_00419,prod_demo_03,1,759500,759500
ord_demo_00420,prod_demo_16,1,8342200,8342200
ord_demo_00421,prod_demo_04,1,103300,103300
ord_demo_00422,prod_demo_14,1,2359800,2359800
ord_demo_00422,prod_demo_06,1,115200,115200
ord_demo_00423,prod_demo_02,1,804700,804700
ord_demo_00424,prod_demo_19,1,418400,418400
ord_demo_00425,prod_demo_02,1,804700,804700
ord_demo_00426,prod_demo_23,1,80800,80800
ord_demo_00427,prod_demo_03,1,759500,759500
ord_demo_00427,prod_demo_20,1,47100,47100
ord_demo_00428,prod_demo_15,2,91900,183800
ord_demo_00429,prod_demo_12,1,572000,572000
ord_demo_00430,prod_demo_19,1,418400,418400
ord_demo_00431,prod_demo_18,1,2159900,2159900
ord_demo_00432,prod_demo_14,1,2359800,2359800
ord_demo_00432,prod_demo_22,1,846200,846200
ord_demo_00433,prod_demo_01,1,2033400,2033400
ord_demo_00434,prod_demo_07,2,61900,123800
ord_demo_00435,prod_demo_09,1,170100,170100
ord_demo_00436,prod_demo_23,1,80800,80800
ord_demo_00437,prod_demo_19,1,418400,418400
ord_demo_00438,prod_demo_10,1,3097100,3097100
ord_demo_00439,prod_demo_15,1,91900,91900
ord_demo_00439,prod_demo_03,1,759500,759500
ord_demo_00440,prod_demo_04,1,103300,103300
ord_demo_00441,prod_demo_04,1,103300,103300
ord_demo_00442,prod_demo_10,1,3097100,3097100
ord_demo_00443,prod_demo_23,1,80800,80800
ord_demo_00443,prod_demo_12,1,572000,572000
ord_demo_00444,prod_demo_06,1,115200,115200
ord_demo_00444,prod_demo_20,1,47100,47100
ord_demo_00445,prod_demo_04,1,103300,103300
ord_demo_00446,prod_demo_02,1,804700,804700
ord_demo_00447,prod_demo_21,1,152200,152200
ord_demo_00448,prod_demo_19,1,418400,418400
ord_demo_00449,prod_demo_07,1,61900,61900
ord_demo_00450,prod_demo_19,1,418400,418400
ord_demo_00451,prod_demo_13,1,10303400,10303400
ord_demo_00451,prod_demo_08,1,134500,134500
ord_demo_00452,prod_demo_20,1,47100,47100
ord_demo_00453,prod_demo_18,1,2159900,2159900
ord_demo_00454,prod_demo_13,1,10303400,10303400
ord_demo_00454,prod_demo_07,2,61900,123800
ord_demo_00455,prod_demo_23,1,80800,80800
ord_demo_00456,prod_demo_09,1,170100,170100
ord_demo_00457,prod_demo_09,1,170100,170100
ord_demo_00457,prod_demo_20,1,47100,47100
ord_demo_00458,prod_demo_04,1,103300,103300
ord_demo_00459,prod_demo_18,1,2159900,2159900
ord_demo_00460,prod_demo_08,1,134500,134500
ord_demo_00461,prod_demo_06,1,115200,115200
ord_demo_00461,prod_demo_20,1,47100,47100
ord_demo_00462,prod_demo_23,1,80800,80800
ord_demo_00463,prod_demo_10,1,3097100,3097100
ord_demo_00463,prod_demo_06,1,115200,115200
ord_demo_00464,prod_demo_17,1,262600,262600
ord_demo_00465,prod_demo_06,1,115200,115200
ord_demo_00466,prod_demo_19,1,418400,418400
ord_demo_00467,prod_demo_17,1,262600,262600
ord_demo_00468,prod_demo_04,1,103300,103300
ord_demo_00469,prod_demo_06,1,115200,115200
ord_demo_00470,prod_demo_06,1,115200,115200
ord_demo_00471,prod_demo_12,1,572000,572000
ord_demo_00472,prod_demo_06,1,115200,115200
ord_demo_00473,prod_demo_20,1,47100,47100
ord_demo_00474,prod_demo_11,1,125100,125100
ord_demo_00475,prod_demo_11,1,125100,125100
ord_demo_00476,prod_demo_23,2,80800,161600
ord_demo_00477,prod_demo_23,2,80800,161600
ord_demo_00477,prod_demo_20,1,47100,47100
ord_demo_00478,prod_demo_14,1,2359800,2359800
ord_demo_00479,prod_demo_19,1,418400,418400
ord_demo_00480,prod_demo_03,1,759500,759500
ord_demo_00480,prod_demo_20,2,47100,94200
ord_demo_00481,prod_demo_13,1,10303400,10303400
ord_demo_00481,prod_demo_06,1,115200,115200
ord_demo_00481,prod_demo_20,1,47100,47100
ord_demo_00482,prod_demo_14,1,2359800,2359800
ord_demo_00482,prod_demo_07,1,61900,61900
ord_demo_00483,prod_demo_24,1,161200,161200
ord_demo_00484,prod_demo_18,1,2159900,2159900
ord_demo_00485,prod_demo_12,1,572000,572000
ord_demo_00485,prod_demo_06,1,115200,115200
ord_demo_00486,prod_demo_01,1,2033400,2033400
ord_demo_00487,prod_demo_04,1,103300,103300
ord_demo_00488,prod_demo_16,1,8342200,8342200
ord_demo_00489,prod_demo_09,1,170100,170100
ord_demo_00490,prod_demo_02,1,804700,804700
ord_demo_00490,prod_demo_06,1,115200,115200
ord_demo_00490,prod_demo_20,1,47100,47100
ord_demo_00491,prod_demo_02,1,804700,804700
ord_demo_00492,prod_demo_08,1,134500,134500
ord_demo_00493,prod_demo_23,2,80800,161600
ord_demo_00493,prod_demo_20,1,47100,47100
ord_demo_00494,prod_demo_14,1,2359800,2359800
ord_demo_00495,prod_demo_11,1,125100,125100
ord_demo_00496,prod_demo_13,1,10303400,10303400
ord_demo_00496,prod_demo_23,1,80800,80800
ord_demo_00497,prod_demo_14,1,2359800,2359800
ord_demo_00498,prod_demo_04,1,103300,103300
ord_demo_00499,prod_demo_04,1,103300,103300
ord_demo_00500,prod_demo_14,1,2359800,2359800
ord_demo_00501,prod_demo_06,1,115200,115200
ord_demo_00502,prod_demo_13,1,10303400,10303400
ord_demo_00503,prod_demo_10,1,3097100,3097100
ord_demo_00504,prod_demo_08,1,134500,134500
ord_demo_00505,prod_demo_11,1,125100,125100
ord_demo_00506,prod_demo_14,1,2359800,2359800
ord_demo_00507,prod_demo_06,1,115200,115200
ord_demo_00507,prod_demo_20,1,47100,47100
ord_demo_00508,prod_demo_07,1,61900,61900
ord_demo_00508,prod_demo_02,1,804700,804700
ord_demo_00509,prod_demo_07,1,61900,61900
ord_demo_00510,prod_demo_08,1,134500,134500
ord_demo_00511,prod_demo_06,1,115200,115200
ord_demo_00512,prod_demo_09,1,170100,170100
ord_demo_00513,prod_demo_13,1,10303400,10303400
ord_demo_00513,prod_demo_07,2,61900,123800
ord_demo_00514,prod_demo_01,1,2033400,2033400
ord_demo_00515,prod_demo_14,1,2359800,2359800
ord_demo_00516,prod_demo_10,1,3097100,3097100
ord_demo_00517,prod_demo_17,1,262600,262600
ord_demo_00518,prod_demo_10,1,3097100,3097100
ord_demo_00518,prod_demo_06,1,115200,115200
ord_demo_00519,prod_demo_11,1,125100,125100
ord_demo_00520,prod_demo_21,1,152200,152200
ord_demo_00521,prod_demo_08,1,134500,134500
ord_demo_00522,prod_demo_22,1,846200,846200
ord_demo_00522,prod_demo_20,1,47100,47100
ord_demo_00523,prod_demo_19,1,418400,418400
ord_demo_00524,prod_demo_18,1,2159900,2159900
ord_demo_00525,prod_demo_22,1,846200,846200
ord_demo_00526,prod_demo_10,1,3097100,3097100
ord_demo_00527,prod_demo_11,1,125100,125100
ord_demo_00528,prod_demo_08,1,134500,134500
ord_demo_00529,prod_demo_11,1,125100,125100
ord_demo_00530,prod_demo_15,1,91900,91900
ord_demo_00531,prod_demo_16,1,8342200,8342200
ord_demo_00531,prod_demo_05,1,2942800,2942800
ord_demo_00532,prod_demo_15,1,91900,91900
ord_demo_00532,prod_demo_20,2,47100,94200
ord_demo_00533,prod_demo_01,1,2033400,2033400
ord_demo_00534,prod_demo_03,1,759500,759500
ord_demo_00534,prod_demo_23,1,80800,80800
ord_demo_00535,prod_demo_07,1,61900,61900
ord_demo_00536,prod_demo_01,1,2033400,2033400
ord_demo_00537,prod_demo_05,1,2942800,2942800
ord_demo_00538,prod_demo_02,1,804700,804700
ord_demo_00539,prod_demo_22,1,846200,846200
ord_demo_00540,prod_demo_13,1,10303400,10303400
ord_demo_00540,prod_demo_07,1,61900,61900
ord_demo_00540,prod_demo_09,1,170100,170100
ord_demo_00541,prod_demo_21,1,152200,152200
ord_acme_00001,prod_acme_13,1,69800,69800
ord_acme_00002,prod_acme_05,1,797300,797300
ord_acme_00003,prod_acme_11,1,2836200,2836200
ord_acme_00004,prod_acme_10,1,6483500,6483500
ord_acme_00004,prod_acme_09,1,127100,127100
ord_acme_00005,prod_acme_16,1,216200,216200
ord_acme_00006,prod_acme_17,1,6999500,6999500
ord_acme_00006,prod_acme_14,1,65000,65000
ord_acme_00006,prod_acme_01,1,106200,106200
ord_acme_00007,prod_acme_10,1,6483500,6483500
ord_acme_00007,prod_acme_13,1,69800,69800
ord_acme_00008,prod_acme_13,1,69800,69800
ord_acme_00008,prod_acme_08,1,43100,43100
ord_acme_00009,prod_acme_15,1,2455700,2455700
ord_acme_00010,prod_acme_18,1,645300,645300
ord_acme_00010,prod_acme_08,1,43100,43100
ord_acme_00011,prod_acme_17,1,6999500,6999500
ord_acme_00011,prod_acme_13,2,69800,139600
ord_acme_00011,prod_acme_08,2,43100,86200
ord_acme_00012,prod_acme_10,1,6483500,6483500
ord_acme_00013,prod_acme_03,1,736900,736900
ord_acme_00013,prod_acme_08,1,43100,43100
ord_acme_00014,prod_acme_17,1,6999500,6999500
ord_acme_00015,prod_acme_08,1,43100,43100
ord_acme_00016,prod_acme_04,1,1819500,1819500
ord_acme_00017,prod_acme_10,1,6483500,6483500
ord_acme_00017,prod_acme_01,1,106200,106200
ord_acme_00017,prod_acme_08,1,43100,43100
ord_acme_00018,prod_acme_14,2,65000,130000
ord_acme_00019,prod_acme_02,1,210300,210300
ord_acme_00019,prod_acme_13,1,69800,69800
ord_acme_00019,prod_acme_08,1,43100,43100
ord_acme_00020,prod_acme_13,2,69800,139600
ord_acme_00020,prod_acme_18,1,645300,645300
ord_acme_00021,prod_acme_03,1,736900,736900
ord_acme_00022,prod_acme_10,1,6483500,6483500
ord_acme_00023,prod_acme_05,1,797300,797300
ord_acme_00024,prod_acme_01,1,106200,106200
ord_acme_00025,prod_acme_18,1,645300,645300
ord_acme_00025,prod_acme_08,1,43100,43100
ord_acme_00026,prod_acme_17,1,6999500,6999500
ord_acme_00026,prod_acme_13,1,69800,69800
ord_acme_00027,prod_acme_18,1,645300,645300
ord_acme_00027,prod_acme_13,1,69800,69800
ord_acme_00028,prod_acme_08,1,43100,43100
ord_acme_00029,prod_acme_16,1,216200,216200
ord_acme_00030,prod_acme_06,1,718200,718200
ord_acme_00030,prod_acme_13,1,69800,69800
ord_acme_00031,prod_acme_11,1,2836200,2836200
ord_acme_00032,prod_acme_18,1,645300,645300
ord_acme_00032,prod_acme_13,1,69800,69800
ord_acme_00033,prod_acme_01,1,106200,106200
ord_acme_00034,prod_acme_13,1,69800,69800
ord_acme_00034,prod_acme_09,1,127100,127100
ord_acme_00035,prod_acme_05,1,797300,797300
ord_acme_00036,prod_acme_17,1,6999500,6999500
ord_acme_00036,prod_acme_13,1,69800,69800
ord_acme_00037,prod_acme_05,1,797300,797300
ord_acme_00038,prod_acme_07,1,7456400,7456400
ord_acme_00038,prod_acme_11,1,2836200,2836200
ord_acme_00039,prod_acme_17,1,6999500,6999500
ord_acme_00040,prod_acme_03,1,736900,736900
ord_acme_00041,prod_acme_16,1,216200,216200
ord_acme_00041,prod_acme_08,1,43100,43100
ord_acme_00042,prod_acme_05,1,797300,797300
ord_acme_00043,prod_acme_16,1,216200,216200
ord_acme_00044,prod_acme_05,1,797300,797300
ord_acme_00044,prod_acme_08,2,43100,86200
ord_acme_00045,prod_acme_07,1,7456400,7456400
ord_acme_00045,prod_acme_08,1,43100,43100
ord_acme_00046,prod_acme_11,1,2836200,2836200
ord_acme_00046,prod_acme_13,1,69800,69800
ord_acme_00047,prod_acme_17,1,6999500,6999500
ord_acme_00047,prod_acme_08,1,43100,43100
ord_acme_00048,prod_acme_05,1,797300,797300
ord_acme_00048,prod_acme_09,1,127100,127100
ord_acme_00049,prod_acme_02,1,210300,210300
ord_acme_00050,prod_acme_04,1,1819500,1819500
ord_acme_00051,prod_acme_17,1,6999500,6999500
ord_acme_00051,prod_acme_13,1,69800,69800
ord_acme_00052,prod_acme_09,1,127100,127100
ord_acme_00053,prod_acme_09,1,127100,127100
ord_acme_00054,prod_acme_18,1,645300,645300
ord_acme_00055,prod_acme_12,1,1712400,1712400
ord_acme_00056,prod_acme_05,1,797300,797300
ord_acme_00057,prod_acme_18,1,645300,645300
ord_acme_00057,prod_acme_09,1,127100,127100
ord_acme_00058,prod_acme_03,1,736900,736900
ord_acme_00059,prod_acme_03,1,736900,736900
ord_acme_00060,prod_acme_10,1,6483500,6483500
ord_acme_00061,prod_acme_17,1,6999500,6999500
ord_acme_00061,prod_acme_01,1,106200,106200
ord_acme_00062,prod_acme_13,1,69800,69800
ord_acme_00062,prod_acme_03,1,736900,736900
ord_acme_00063,prod_acme_18,1,645300,645300
ord_acme_00064,prod_acme_15,1,2455700,2455700
ord_acme_00065,prod_acme_04,1,1819500,1819500
ord_acme_00066,prod_acme_18,1,645300,645300
ord_acme_00067,prod_acme_15,1,2455700,2455700
ord_acme_00068,prod_acme_09,1,127100,127100
ord_acme_00069,prod_acme_17,1,6999500,6999500
ord_acme_00070,prod_acme_18,1,645300,645300
ord_acme_00071,prod_acme_07,1,7456400,7456400
ord_acme_00071,prod_acme_01,1,106200,106200
ord_acme_00072,prod_acme_05,1,797300,797300
ord_acme_00072,prod_acme_08,1,43100,43100
ord_acme_00073,prod_acme_16,1,216200,216200
ord_acme_00074,prod_acme_13,1,69800,69800
ord_acme_00074,prod_acme_08,1,43100,43100
ord_acme_00074,prod_acme_06,1,718200,718200
ord_acme_00075,prod_acme_06,1,718200,718200
ord_acme_00075,prod_acme_08,1,43100,43100
ord_acme_00075,prod_acme_07,1,7456400,7456400
ord_acme_00076,prod_acme_09,1,127100,127100
ord_acme_00077,prod_acme_12,1,1712400,1712400
ord_acme_00078,prod_acme_14,1,65000,65000
ord_acme_00079,prod_acme_05,1,797300,797300
ord_acme_00080,prod_acme_05,1,797300,797300
ord_acme_00080,prod_acme_08,1,43100,43100
ord_acme_00081,prod_acme_11,1,2836200,2836200
ord_acme_00082,prod_acme_09,1,127100,127100
ord_acme_00083,prod_acme_11,1,2836200,2836200
ord_acme_00084,prod_acme_01,1,106200,106200
ord_acme_00085,prod_acme_18,1,645300,645300
ord_acme_00085,prod_acme_14,1,65000,65000
ord_acme_00086,prod_acme_10,1,6483500,6483500
ord_acme_00087,prod_acme_03,1,736900,736900
ord_acme_00087,prod_acme_14,1,65000,65000
ord_acme_00088,prod_acme_12,1,1712400,1712400
ord_acme_00089,prod_acme_06,1,718200,718200
ord_acme_00089,prod_acme_08,1,43100,43100
ord_acme_00090,prod_acme_06,1,718200,718200
ord_acme_00090,prod_acme_08,1,43100,43100
ord_acme_00090,prod_acme_13,1,69800,69800
ord_acme_00091,prod_acme_05,1,797300,797300
ord_acme_00091,prod_acme_14,1,65000,65000
ord_acme_00092,prod_acme_12,1,1712400,1712400
ord_acme_00093,prod_acme_16,1,216200,216200
ord_acme_00094,prod_acme_06,1,718200,718200
ord_acme_00095,prod_acme_12,1,1712400,1712400
ord_acme_00096,prod_acme_05,1,797300,797300
ord_acme_00096,prod_acme_09,1,127100,127100
ord_acme_00097,prod_acme_01,1,106200,106200
ord_acme_00098,prod_acme_08,1,43100,43100
ord_acme_00099,prod_acme_18,1,645300,645300
ord_acme_00100,prod_acme_09,1,127100,127100
ord_acme_00101,prod_acme_18,1,645300,645300
ord_acme_00102,prod_acme_15,1,2455700,2455700
ord_acme_00103,prod_acme_06,1,718200,718200
ord_acme_00104,prod_acme_03,1,736900,736900
ord_acme_00104,prod_acme_14,1,65000,65000
ord_acme_00105,prod_acme_02,1,210300,210300
ord_acme_00105,prod_acme_13,2,69800,139600
ord_acme_00106,prod_acme_07,1,7456400,7456400
ord_acme_00106,prod_acme_08,1,43100,43100
ord_acme_00107,prod_acme_04,1,1819500,1819500
ord_acme_00108,prod_acme_11,1,2836200,2836200
ord_acme_00109,prod_acme_04,1,1819500,1819500
ord_acme_00110,prod_acme_07,1,7456400,7456400
ord_acme_00110,prod_acme_08,1,43100,43100
ord_acme_00111,prod_acme_16,1,216200,216200
ord_acme_00111,prod_acme_08,1,43100,43100
ord_acme_00112,prod_acme_18,1,645300,645300
ord_acme_00112,prod_acme_08,1,43100,43100
ord_acme_00113,prod_acme_15,1,2455700,2455700
ord_acme_00113,prod_acme_14,2,65000,130000
ord_acme_00114,prod_acme_15,1,2455700,2455700
ord_acme_00115,prod_acme_12,1,1712400,1712400
ord_acme_00116,prod_acme_18,1,645300,645300
ord_acme_00116,prod_acme_13,1,69800,69800
ord_acme_00117,prod_acme_12,1,1712400,1712400
ord_acme_00118,prod_acme_03,1,736900,736900
ord_acme_00119,prod_acme_18,1,645300,645300
ord_acme_00119,prod_acme_14,1,65000,65000
ord_acme_00120,prod_acme_02,1,210300,210300
ord_acme_00121,prod_acme_16,1,216200,216200
ord_acme_00122,prod_acme_01,1,106200,106200
ord_acme_00123,prod_acme_02,1,210300,210300
ord_acme_00124,prod_acme_09,1,127100,127100
ord_acme_00125,prod_acme_04,1,1819500,1819500
ord_acme_00126,prod_acme_08,1,43100,43100
ord_acme_00127,prod_acme_18,1,645300,645300
ord_acme_00127,prod_acme_08,1,43100,43100
ord_acme_00128,prod_acme_06,1,718200,718200
ord_acme_00129,prod_acme_12,1,1712400,1712400
ord_acme_00130,prod_acme_08,1,43100,43100
ord_acme_00131,prod_acme_09,1,127100,127100
ord_acme_00132,prod_acme_02,1,210300,210300
ord_acme_00133,prod_acme_11,1,2836200,2836200
ord_acme_00133,prod_acme_18,1,645300,645300
ord_acme_00134,prod_acme_05,1,797300,797300
ord_acme_00134,prod_acme_14,1,65000,65000
ord_acme_00135,prod_acme_10,1,6483500,6483500
ord_acme_00135,prod_acme_14,1,65000,65000
ord_acme_00135,prod_acme_08,1,43100,43100
ord_acme_00136,prod_acme_04,1,1819500,1819500
ord_acme_00137,prod_acme_11,1,2836200,2836200
ord_acme_00138,prod_acme_08,1,43100,43100
ord_acme_00139,prod_acme_13,1,69800,69800
ord_acme_00139,prod_acme_08,1,43100,43100
ord_acme_00140,prod_acme_13,2,69800,139600
ord_acme_00141,prod_acme_03,1,736900,736900
ord_acme_00142,prod_acme_14,1,65000,65000
ord_acme_00143,prod_acme_07,1,7456400,7456400
ord_acme_00144,prod_acme_12,1,1712400,1712400
ord_acme_00145,prod_acme_01,1,106200,106200
ord_acme_00146,prod_acme_15,1,2455700,2455700
ord_acme_00147,prod_acme_12,1,1712400,1712400
ord_acme_00148,prod_acme_02,1,210300,210300
ord_acme_00149,prod_acme_11,1,2836200,2836200
ord_acme_00149,prod_acme_14,1,65000,65000
ord_acme_00150,prod_acme_18,1,645300,645300
ord_acme_00151,prod_acme_17,1,6999500,6999500
ord_acme_00151,prod_acme_13,2,69800,139600
ord_acme_00151,prod_acme_01,1,106200,106200
ord_acme_00152,prod_acme_12,1,1712400,1712400
ord_acme_00153,prod_acme_13,1,69800,69800
ord_acme_00153,prod_acme_08,1,43100,43100
ord_acme_00154,prod_acme_03,1,736900,736900
ord_acme_00155,prod_acme_16,1,216200,216200
ord_acme_00155,prod_acme_08,1,43100,43100
ord_acme_00156,prod_acme_02,1,210300,210300
ord_acme_00157,prod_acme_08,1,43100,43100
ord_acme_00158,prod_acme_03,1,736900,736900
ord_acme_00159,prod_acme_08,1,43100,43100
ord_acme_00160,prod_acme_05,1,797300,797300
ord_acme_00161,prod_acme_05,1,797300,797300
ord_acme_00161,prod_acme_18,1,645300,645300
ord_acme_00162,prod_acme_11,1,2836200,2836200
ord_acme_00163,prod_acme_10,1,6483500,6483500
ord_acme_00164,prod_acme_09,1,127100,127100
ord_acme_00165,prod_acme_08,1,43100,43100
ord_acme_00166,prod_acme_17,1,6999500,6999500
ord_acme_00167,prod_acme_02,1,210300,210300
ord_acme_00168,prod_acme_07,1,7456400,7456400
ord_acme_00168,prod_acme_01,1,106200,106200
ord_acme_00169,prod_acme_13,1,69800,69800
ord_acme_00170,prod_acme_18,1,645300,645300
ord_acme_00171,prod_acme_17,1,6999500,6999500
ord_acme_00171,prod_acme_09,1,127100,127100
ord_acme_00171,prod_acme_10,1,6483500,6483500
ord_acme_00172,prod_acme_10,1,6483500,6483500
ord_acme_00173,prod_acme_15,1,2455700,2455700
ord_acme_00174,prod_acme_01,1,106200,106200
ord_acme_00175,prod_acme_09,1,127100,127100
ord_acme_00176,prod_acme_04,1,1819500,1819500
ord_acme_00177,prod_acme_13,2,69800,139600
ord_acme_00178,prod_acme_02,1,210300,210300
ord_acme_00179,prod_acme_10,1,6483500,6483500
ord_acme_00180,prod_acme_09,1,127100,127100
ord_acme_00180,prod_acme_08,1,43100,43100
ord_acme_00181,prod_acme_16,1,216200,216200
ord_acme_00182,prod_acme_01,1,106200,106200
ord_acme_00183,prod_acme_18,1,645300,645300
ord_acme_00183,prod_acme_08,2,43100,86200
ord_acme_00184,prod_acme_10,1,6483500,6483500
ord_acme_00184,prod_acme_01,1,106200,106200
ord_acme_00184,prod_acme_08,1,43100,43100
ord_acme_00185,prod_acme_15,1,2455700,2455700
ord_acme_00185,prod_acme_10,1,6483500,6483500
ord_acme_00186,prod_acme_14,1,65000,65000
ord_acme_00186,prod_acme_06,1,718200,718200
ord_acme_00187,prod_acme_17,1,6999500,6999500
ord_acme_00187,prod_acme_01,1,106200,106200
ord_acme_00187,prod_acme_08,1,43100,43100
ord_acme_00188,prod_acme_11,1,2836200,2836200
ord_acme_00189,prod_acme_16,1,216200,216200
ord_acme_00190,prod_acme_01,1,106200,106200
ord_acme_00191,prod_acme_07,1,7456400,7456400
ord_acme_00192,prod_acme_07,1,7456400,7456400
ord_acme_00192,prod_acme_09,1,127100,127100
ord_acme_00192,prod_acme_11,1,2836200,2836200
ord_acme_00193,prod_acme_06,1,718200,718200
ord_acme_00194,prod_acme_18,1,645300,645300
ord_acme_00195,prod_acme_17,1,6999500,6999500
ord_acme_00196,prod_acme_09,1,127100,127100
ord_acme_00197,prod_acme_18,1,645300,645300
ord_acme_00198,prod_acme_14,1,65000,65000
ord_acme_00198,prod_acme_08,1,43100,43100
ord_acme_00199,prod_acme_12,1,1712400,1712400
ord_acme_00200,prod_acme_03,1,736900,736900
ord_acme_00200,prod_acme_08,1,43100,43100
ord_acme_00201,prod_acme_04,1,1819500,1819500
