id,merchant_id,customer_id,total,status,created_at
ord_demo_00001,m_demo,cust_demo_095,846200,paid,2026-05-09T10:58:35.460165
ord_demo_00002,m_demo,cust_demo_041,846200,paid,2026-05-09T03:09:25.460165
ord_demo_00003,m_demo,cust_demo_042,10303400,paid,2026-05-08T18:37:27.460165
ord_demo_00004,m_demo,cust_demo_073,3097100,paid,2026-05-09T19:56:26.460165
ord_demo_00005,m_demo,cust_demo_042,91900,paid,2026-05-10T18:27:58.460165
ord_demo_00006,m_demo,cust_demo_085,759500,paid,2026-05-10T20:50:21.460165
ord_demo_00007,m_demo,cust_demo_087,3231600,paid,2026-05-11T05:35:14.460165
ord_demo_00008,m_demo,cust_demo_079,759500,paid,2026-05-11T02:16:05.460165
ord_demo_00009,m_demo,cust_demo_064,10418600,paid,2026-05-11T07:08:46.460165
ord_demo_00010,m_demo,cust_demo_007,2159900,paid,2026-05-11T16:42:23.460165
ord_demo_00011,m_demo,cust_demo_059,2942800,paid,2026-05-12T09:58:04.460165
ord_demo_00012,m_demo,cust_demo_041,91900,paid,2026-05-12T08:14:07.460165
ord_demo_00013,m_demo,cust_demo_061,91900,paid,2026-05-13T07:16:04.460165
ord_demo_00014,m_demo,cust_demo_063,152200,paid,2026-05-13T04:18:11.460165
ord_demo_00015,m_demo,cust_demo_010,80800,paid,2026-05-12T17:19:33.460165
ord_demo_00016,m_demo,cust_demo_020,134500,paid,2026-05-12T17:51:05.460165
ord_demo_00017,m_demo,cust_demo_091,170900,paid,2026-05-13T02:28:06.460165
ord_demo_00018,m_demo,cust_demo_116,418400,paid,2026-05-13T02:08:14.460165
ord_demo_00019,m_demo,cust_demo_001,572000,paid,2026-05-14T07:53:02.460165
ord_demo_00020,m_demo,cust_demo_096,161200,paid,2026-05-14T10:15:06.460165
ord_demo_00021,m_demo,cust_demo_115,134500,paid,2026-05-13T22:13:31.460165
ord_demo_00022,m_demo,cust_demo_086,846200,paid,2026-05-15T10:56:37.460165
ord_demo_00023,m_demo,cust_demo_069,2033400,paid,2026-05-14T15:20:40.460165
ord_demo_00024,m_demo,cust_demo_083,12663200,paid,2026-05-15T00:12:23.460165
ord_demo_00025,m_demo,cust_demo_059,125100,paid,2026-05-16T02:05:29.460165
ord_demo_00026,m_demo,cust_demo_036,2475000,paid,2026-05-15T14:11:03.460165
ord_demo_00027,m_demo,cust_demo_045,134500,paid,2026-05-16T12:01:03.460165
ord_demo_00028,m_demo,cust_demo_006,4976200,paid,2026-05-15T20:58:23.460165
ord_demo_00029,m_demo,cust_demo_017,8342200,paid,2026-05-16T10:23:50.460165
ord_demo_00030,m_demo,cust_demo_021,3189000,paid,2026-05-17T01:57:09.460165
ord_demo_00031,m_demo,cust_demo_051,747000,paid,2026-05-17T08:53:34.460165
ord_demo_00032,m_demo,cust_demo_101,804700,paid,2026-05-17T00:42:42.460165
ord_demo_00033,m_demo,cust_demo_002,2451700,paid,2026-05-16T17:51:29.460165
ord_demo_00034,m_demo,cust_demo_023,161200,paid,2026-05-18T11:58:13.460165
ord_demo_00035,m_demo,cust_demo_035,47100,paid,2026-05-18T05:53:29.460165
ord_demo_00036,m_demo,cust_demo_035,125100,paid,2026-05-18T15:26:36.460165
ord_demo_00037,m_demo,cust_demo_036,91900,paid,2026-05-18T13:19:58.460165
ord_demo_00038,m_demo,cust_demo_109,125100,paid,2026-05-19T20:00:39.460165
ord_demo_00039,m_demo,cust_demo_046,170100,paid,2026-05-19T22:20:48.460165
ord_demo_00040,m_demo,cust_demo_072,2033400,paid,2026-05-20T03:05:08.460165
ord_demo_00041,m_demo,cust_demo_063,2159900,paid,2026-05-20T05:37:19.460165
ord_demo_00042,m_demo,cust_demo_083,80800,paid,2026-05-19T21:08:47.460165
ord_demo_00043,m_demo,cust_demo_071,262600,paid,2026-05-21T04:48:30.460165
ord_demo_00044,m_demo,cust_demo_035,3097100,paid,2026-05-20T16:38:27.460165
ord_demo_00045,m_demo,cust_demo_096,2159900,paid,2026-05-20T19:01:44.460165
ord_demo_00046,m_demo,cust_demo_025,61900,paid,2026-05-21T10:00:59.460165
ord_demo_00047,m_demo,cust_demo_013,61900,paid,2026-05-21T16:53:48.460165
ord_demo_00048,m_demo,cust_demo_036,804700,paid,2026-05-22T06:09:37.460165
ord_demo_00049,m_demo,cust_demo_014,2033400,paid,2026-05-21T19:00:01.460165
ord_demo_00050,m_demo,cust_demo_015,806600,paid,2026-05-22T15:23:21.460165
ord_demo_00051,m_demo,cust_demo_032,103300,paid,2026-05-23T03:26:25.460165
ord_demo_00052,m_demo,cust_demo_078,47100,paid,2026-05-23T07:18:51.460165
ord_demo_00053,m_demo,cust_demo_049,91900,paid,2026-05-23T08:59:28.460165
ord_demo_00054,m_demo,cust_demo_008,94200,paid,2026-05-23T19:51:12.460165
ord_demo_00055,m_demo,cust_demo_081,883300,paid,2026-05-23T12:23:07.460165
ord_demo_00056,m_demo,cust_demo_053,3189000,paid,2026-05-24T04:49:07.460165
ord_demo_00057,m_demo,cust_demo_010,846200,paid,2026-05-23T19:29:25.460165
ord_demo_00058,m_demo,cust_demo_055,103300,paid,2026-05-24T11:52:03.460165
ord_demo_00059,m_demo,cust_demo_020,285300,paid,2026-05-23T23:29:16.460165
ord_demo_00060,m_demo,cust_demo_077,161200,paid,2026-05-23T22:47:45.460165
ord_demo_00061,m_demo,cust_demo_057,103300,paid,2026-05-23T23:21:34.460165
ord_demo_00062,m_demo,cust_demo_070,8476700,paid,2026-05-25T09:13:49.460165
ord_demo_00063,m_demo,cust_demo_076,2033400,paid,2026-05-24T13:45:10.460165
ord_demo_00064,m_demo,cust_demo_098,115200,paid,2026-05-24T18:53:45.460165
ord_demo_00065,m_demo,cust_demo_075,2359800,paid,2026-05-25T00:57:24.460165
ord_demo_00066,m_demo,cust_demo_043,125100,paid,2026-05-25T18:08:36.460165
ord_demo_00067,m_demo,cust_demo_043,2359800,paid,2026-05-26T08:18:59.460165
ord_demo_00068,m_demo,cust_demo_005,139000,paid,2026-05-25T12:19:47.460165
ord_demo_00069,m_demo,cust_demo_085,2159900,paid,2026-05-25T14:15:41.460165
ord_demo_00070,m_demo,cust_demo_025,262600,paid,2026-05-25T19:41:57.460165
ord_demo_00071,m_demo,cust_demo_057,927000,paid,2026-05-26T23:36:07.460165
ord_demo_00072,m_demo,cust_demo_002,2159900,paid,2026-05-27T20:28:08.460165
ord_demo_00073,m_demo,cust_demo_108,103300,paid,2026-05-27T16:33:53.460165
ord_demo_00074,m_demo,cust_demo_083,2942800,paid,2026-05-27T22:14:35.460165
ord_demo_00075,m_demo,cust_demo_032,91900,paid,2026-05-28T17:15:29.460165
ord_demo_00076,m_demo,cust_demo_111,759500,paid,2026-05-29T06:46:27.460165
ord_demo_00077,m_demo,cust_demo_035,2033400,paid,2026-05-29T06:06:55.460165
ord_demo_00078,m_demo,cust_demo_111,2942800,paid,2026-05-29T08:04:25.460165
ord_demo_00079,m_demo,cust_demo_049,91900,paid,2026-05-29T02:13:53.460165
ord_demo_00080,m_demo,cust_demo_030,2622400,paid,2026-05-29T02:20:41.460165
ord_demo_00081,m_demo,cust_demo_085,152200,paid,2026-05-29T06:19:20.460165
ord_demo_00082,m_demo,cust_demo_017,262600,paid,2026-05-29T15:55:06.460165
ord_demo_00083,m_demo,cust_demo_019,2529900,paid,2026-05-31T00:36:52.460165
ord_demo_00084,m_demo,cust_demo_080,652800,paid,2026-05-31T02:07:25.460165
ord_demo_00085,m_demo,cust_demo_041,152200,paid,2026-05-31T06:03:13.460165
ord_demo_00086,m_demo,cust_demo_112,2919400,paid,2026-05-30T20:50:08.460165
ord_demo_00087,m_demo,cust_demo_081,846200,paid,2026-05-30T15:52:20.460165
ord_demo_00088,m_demo,cust_demo_091,103300,paid,2026-05-31T23:11:28.460165
ord_demo_00089,m_demo,cust_demo_116,2838100,paid,2026-05-31T17:35:17.460165
ord_demo_00090,m_demo,cust_demo_032,262600,paid,2026-06-01T10:28:44.460165
ord_demo_00091,m_demo,cust_demo_112,10350500,paid,2026-06-01T05:13:38.460165
ord_demo_00092,m_demo,cust_demo_057,572000,paid,2026-06-02T04:55:15.460165
ord_demo_00093,m_demo,cust_demo_109,3097100,paid,2026-06-01T20:55:28.460165
ord_demo_00094,m_demo,cust_demo_049,418400,paid,2026-06-01T23:02:13.460165
ord_demo_00095,m_demo,cust_demo_003,893300,paid,2026-06-01T22:42:29.460165
ord_demo_00096,m_demo,cust_demo_078,619100,paid,2026-06-02T17:16:04.460165
ord_demo_00097,m_demo,cust_demo_081,103300,paid,2026-06-03T11:49:14.460165
ord_demo_00098,m_demo,cust_demo_006,3280900,paid,2026-06-02T23:01:57.460165
ord_demo_00099,m_demo,cust_demo_042,161200,paid,2026-06-02T19:35:55.460165
ord_demo_00100,m_demo,cust_demo_047,262600,paid,2026-06-04T05:49:53.460165
ord_demo_00101,m_demo,cust_demo_104,3097100,paid,2026-06-03T15:01:46.460165
ord_demo_00102,m_demo,cust_demo_019,134500,paid,2026-06-04T02:45:26.460165
ord_demo_00103,m_demo,cust_demo_109,2159900,paid,2026-06-04T02:39:14.460165
ord_demo_00104,m_demo,cust_demo_002,170100,paid,2026-06-03T21:49:59.460165
ord_demo_00105,m_demo,cust_demo_049,152200,paid,2026-06-04T16:13:58.460165
ord_demo_00106,m_demo,cust_demo_087,134500,paid,2026-06-05T10:50:42.460165
ord_demo_00107,m_demo,cust_demo_083,759500,paid,2026-06-05T16:32:09.460165
ord_demo_00108,m_demo,cust_demo_018,804700,paid,2026-06-06T07:51:34.460165
ord_demo_00109,m_demo,cust_demo_018,10303400,paid,2026-06-05T17:54:50.460165
ord_demo_00110,m_demo,cust_demo_114,2359800,paid,2026-06-05T22:28:23.460165
ord_demo_00111,m_demo,cust_demo_089,572000,paid,2026-06-07T01:39:44.460165
ord_demo_00112,m_demo,cust_demo_070,152200,paid,2026-06-07T02:47:01.460165
ord_demo_00113,m_demo,cust_demo_036,123800,paid,2026-06-06T20:00:38.460165
ord_demo_00114,m_demo,cust_demo_083,152200,paid,2026-06-06T13:03:56.460165
ord_demo_00115,m_demo,cust_demo_007,125100,paid,2026-06-06T16:52:22.460165
ord_demo_00116,m_demo,cust_demo_101,418400,paid,2026-06-07T08:27:58.460165
ord_demo_00117,m_demo,cust_demo_030,125100,paid,2026-06-08T09:59:13.460165
ord_demo_00118,m_demo,cust_demo_001,170100,paid,2026-06-07T17:01:15.460165
ord_demo_00119,m_demo,cust_demo_033,162300,paid,2026-06-09T09:43:39.460165
ord_demo_00120,m_demo,cust_demo_042,2114200,paid,2026-06-09T05:37:39.460165
ord_demo_00121,m_demo,cust_demo_058,1465300,paid,2026-06-09T04:57:53.460165
ord_demo_00122,m_demo,cust_demo_062,10625700,paid,2026-06-10T11:01:07.460165
ord_demo_00123,m_demo,cust_demo_082,418400,paid,2026-06-10T10:02:18.460165
ord_demo_00124,m_demo,cust_demo_068,3097100,paid,2026-06-09T16:27:13.460165
ord_demo_00125,m_demo,cust_demo_110,152200,paid,2026-06-10T08:21:41.460165
ord_demo_00126,m_demo,cust_demo_093,61900,paid,2026-06-10T02:48:19.460165
ord_demo_00127,m_demo,cust_demo_094,103300,paid,2026-06-10T23:40:00.460165
ord_demo_00128,m_demo,cust_demo_086,170100,paid,2026-06-11T05:33:20.460165
ord_demo_00129,m_demo,cust_demo_009,853700,paid,2026-06-10T14:28:18.460165
ord_demo_00130,m_demo,cust_demo_076,2159900,paid,2026-06-10T16:44:18.460165
ord_demo_00131,m_demo,cust_demo_097,2359800,paid,2026-06-12T10:08:53.460165
ord_demo_00132,m_demo,cust_demo_040,681000,paid,2026-06-11T22:25:49.460165
ord_demo_00133,m_demo,cust_demo_074,134500,paid,2026-06-12T08:42:43.460165
ord_demo_00134,m_demo,cust_demo_079,1311700,paid,2026-06-13T00:39:38.460165
ord_demo_00135,m_demo,cust_demo_045,2033400,paid,2026-06-12T14:49:17.460165
ord_demo_00136,m_demo,cust_demo_019,161200,paid,2026-06-12T13:24:15.460165
ord_demo_00137,m_demo,cust_demo_012,161200,paid,2026-06-13T01:59:05.460165
ord_demo_00138,m_demo,cust_demo_054,91900,paid,2026-06-13T08:57:12.460165
ord_demo_00139,m_demo,cust_demo_077,806600,paid,2026-06-13T05:58:13.460165
ord_demo_00140,m_demo,cust_demo_097,390500,paid,2026-06-13T14:16:57.460165
ord_demo_00141,m_demo,cust_demo_001,61900,paid,2026-06-14T00:14:04.460165
ord_demo_00142,m_demo,cust_demo_016,2033400,paid,2026-06-14T07:40:43.460165
ord_demo_00143,m_demo,cust_demo_030,262600,paid,2026-06-14T13:49:41.460165
ord_demo_00144,m_demo,cust_demo_056,2125300,paid,2026-06-15T11:35:41.460165
ord_demo_00145,m_demo,cust_demo_054,3189000,paid,2026-06-15T05:02:22.460165
ord_demo_00146,m_demo,cust_demo_107,885500,paid,2026-06-15T07:21:53.460165
ord_demo_00147,m_demo,cust_demo_011,12336800,paid,2026-06-14T19:20:52.460165
ord_demo_00148,m_demo,cust_demo_083,2942800,paid,2026-06-16T10:13:14.460165
ord_demo_00149,m_demo,cust_demo_020,152200,paid,2026-06-16T06:16:41.460165
ord_demo_00150,m_demo,cust_demo_097,418400,paid,2026-06-17T08:50:26.460165
ord_demo_00151,m_demo,cust_demo_083,152200,paid,2026-06-17T00:03:20.460165
ord_demo_00152,m_demo,cust_demo_111,152200,paid,2026-06-17T04:17:57.460165
ord_demo_00153,m_demo,cust_demo_009,8436400,paid,2026-06-16T22:44:24.460165
ord_demo_00154,m_demo,cust_demo_010,152200,paid,2026-06-16T15:34:32.460165
ord_demo_00155,m_demo,cust_demo_079,47100,paid,2026-06-17T08:28:12.460165
ord_demo_00156,m_demo,cust_demo_102,161200,paid,2026-06-17T04:39:44.460165
ord_demo_00157,m_demo,cust_demo_117,418400,paid,2026-06-17T05:36:18.460165
ord_demo_00158,m_demo,cust_demo_014,125100,paid,2026-06-17T15:21:30.460165
ord_demo_00159,m_demo,cust_demo_065,152200,paid,2026-06-17T21:18:29.460165
ord_demo_00160,m_demo,cust_demo_091,91900,paid,2026-06-17T22:35:16.460165
ord_demo_00161,m_demo,cust_demo_050,2512000,paid,2026-06-18T11:51:20.460165
ord_demo_00162,m_demo,cust_demo_043,759500,paid,2026-06-18T12:11:34.460165
ord_demo_00163,m_demo,cust_demo_112,2942800,paid,2026-06-19T01:01:28.460165
ord_demo_00164,m_demo,cust_demo_040,152200,paid,2026-06-19T02:33:31.460165
ord_demo_00165,m_demo,cust_demo_017,94200,paid,2026-06-19T08:38:16.460165
ord_demo_00166,m_demo,cust_demo_049,152200,paid,2026-06-18T16:56:27.460165
ord_demo_00167,m_demo,cust_demo_086,80800,paid,2026-06-19T11:48:32.460165
ord_demo_00168,m_demo,cust_demo_047,3097100,paid,2026-06-20T05:59:33.460165
ord_demo_00169,m_demo,cust_demo_025,134500,paid,2026-06-19T17:55:45.460165
ord_demo_00170,m_demo,cust_demo_010,3212300,paid,2026-06-20T10:47:23.460165
ord_demo_00171,m_demo,cust_demo_077,10365300,paid,2026-06-20T20:56:10.460165
ord_demo_00172,m_demo,cust_demo_057,47100,paid,2026-06-21T04:37:58.460165
ord_demo_00173,m_demo,cust_demo_030,2159900,paid,2026-06-21T05:21:51.460165
ord_demo_00174,m_demo,cust_demo_116,61900,paid,2026-06-20T22:32:49.460165
ord_demo_00175,m_demo,cust_demo_100,10303400,paid,2026-06-20T14:11:16.460165
ord_demo_00176,m_demo,cust_demo_120,103300,paid,2026-06-22T07:04:18.460165
ord_demo_00177,m_demo,cust_demo_109,103300,paid,2026-06-21T18:07:29.460165
ord_demo_00178,m_demo,cust_demo_035,91900,paid,2026-06-21T20:22:19.460165
ord_demo_00179,m_demo,cust_demo_114,572000,paid,2026-06-23T02:20:52.460165
ord_demo_00180,m_demo,cust_demo_011,572000,paid,2026-06-23T00:29:44.460165
ord_demo_00181,m_demo,cust_demo_102,2942800,paid,2026-06-22T17:20:28.460165
ord_demo_00182,m_demo,cust_demo_098,161600,paid,2026-06-22T20:08:23.460165
ord_demo_00183,m_demo,cust_demo_107,2942800,paid,2026-06-22T16:20:10.460165
ord_demo_00184,m_demo,cust_demo_031,10702000,paid,2026-06-24T10:00:52.460165
ord_demo_00185,m_demo,cust_demo_069,2033400,paid,2026-06-23T22:53:34.460165
ord_demo_00186,m_demo,cust_demo_055,2033400,paid,2026-06-23T15:24:18.460165
ord_demo_00187,m_demo,cust_demo_068,687200,paid,2026-06-24T01:52:46.460165
ord_demo_00188,m_demo,cust_demo_033,920700,paid,2026-06-24T00:50:30.460165
ord_demo_00189,m_demo,cust_demo_094,846200,paid,2026-06-24T13:54:08.460165
ord_demo_00190,m_demo,cust_demo_046,2159900,paid,2026-06-25T11:41:29.460165
ord_demo_00191,m_demo,cust_demo_023,846200,paid,2026-06-24T14:35:07.460165
ord_demo_00192,m_demo,cust_demo_092,898500,paid,2026-06-25T02:47:13.460165
ord_demo_00193,m_demo,cust_demo_105,2159900,paid,2026-06-24T13:37:16.460165
ord_demo_00194,m_demo,cust_demo_100,804700,paid,2026-06-26T02:51:08.460165
ord_demo_00195,m_demo,cust_demo_096,91900,paid,2026-06-26T06:24:08.460165
ord_demo_00196,m_demo,cust_demo_048,479800,paid,2026-06-25T15:12:11.460165
ord_demo_00197,m_demo,cust_demo_042,846200,paid,2026-06-26T04:27:00.460165
ord_demo_00198,m_demo,cust_demo_045,139000,paid,2026-06-25T14:22:35.460165
ord_demo_00199,m_demo,cust_demo_086,152200,paid,2026-06-27T06:58:08.460165
ord_demo_00200,m_demo,cust_demo_103,161200,paid,2026-06-26T13:25:18.460165
ord_demo_00201,m_demo,cust_demo_019,47100,paid,2026-06-26T16:53:02.460165
ord_demo_00202,m_demo,cust_demo_009,134500,paid,2026-06-27T01:37:32.460165
ord_demo_00203,m_demo,cust_demo_047,10437900,paid,2026-06-27T09:11:02.460165
ord_demo_00204,m_demo,cust_demo_018,262600,paid,2026-06-26T13:13:53.460165
ord_demo_00205,m_demo,cust_demo_117,2159900,paid,2026-06-27T21:45:53.460165
ord_demo_00206,m_demo,cust_demo_091,186100,paid,2026-06-27T14:59:03.460165
ord_demo_00207,m_demo,cust_demo_058,115200,paid,2026-06-27T23:55:26.460165
ord_demo_00208,m_demo,cust_demo_086,572000,paid,2026-06-27T18:01:21.460165
ord_demo_00209,m_demo,cust_demo_092,80800,paid,2026-06-27T16:42:24.460165
ord_demo_00210,m_demo,cust_demo_102,2942800,paid,2026-06-29T09:07:26.460165
ord_demo_00211,m_demo,cust_demo_048,183800,paid,2026-06-28T23:32:56.460165
ord_demo_00212,m_demo,cust_demo_051,80800,paid,2026-06-28T14:58:23.460165
ord_demo_00213,m_demo,cust_demo_017,125100,paid,2026-06-29T04:40:16.460165
ord_demo_00214,m_demo,cust_demo_060,893300,paid,2026-06-28T14:18:20.460165
ord_demo_00215,m_demo,cust_demo_107,103300,paid,2026-06-28T23:21:39.460165
ord_demo_00216,m_demo,cust_demo_029,633900,paid,2026-06-30T08:20:36.460165
ord_demo_00217,m_demo,cust_demo_036,2942800,paid,2026-06-30T11:37:32.460165
ord_demo_00218,m_demo,cust_demo_022,418400,paid,2026-06-30T12:16:18.460165
ord_demo_00219,m_demo,cust_demo_080,161200,paid,2026-06-30T00:34:49.460165
ord_demo_00220,m_demo,cust_demo_108,465500,paid,2026-06-30T09:17:15.460165
ord_demo_00221,m_demo,cust_demo_034,152200,paid,2026-06-30T09:07:08.460165
ord_demo_00222,m_demo,cust_demo_080,152200,paid,2026-07-01T08:09:06.460165
ord_demo_00223,m_demo,cust_demo_038,152200,paid,2026-07-01T05:52:17.460165
ord_demo_00224,m_demo,cust_demo_032,846200,paid,2026-07-01T03:25:13.460165
ord_demo_00225,m_demo,cust_demo_062,139000,paid,2026-07-01T02:48:17.460165
ord_demo_00226,m_demo,cust_demo_017,619100,paid,2026-06-30T15:48:46.460165
ord_demo_00227,m_demo,cust_demo_007,3097100,paid,2026-06-30T18:06:09.460165
ord_demo_00228,m_demo,cust_demo_105,125100,paid,2026-06-30T23:40:25.460165
ord_demo_00229,m_demo,cust_demo_066,10395300,paid,2026-07-01T21:03:09.460165
ord_demo_00230,m_demo,cust_demo_028,8760600,paid,2026-07-02T10:02:34.460165
ord_demo_00231,m_demo,cust_demo_113,152200,paid,2026-07-01T22:41:30.460165
ord_demo_00232,m_demo,cust_demo_069,2033400,paid,2026-07-02T01:36:20.460165
ord_demo_00233,m_demo,cust_demo_098,10566000,paid,2026-07-02T04:41:05.460165
ord_demo_00234,m_demo,cust_demo_036,94200,paid,2026-07-02T15:48:29.460165
ord_demo_00235,m_demo,cust_demo_051,572000,paid,2026-07-02T19:32:07.460165
ord_demo_00236,m_demo,cust_demo_078,309700,paid,2026-07-03T04:55:35.460165
ord_demo_00237,m_demo,cust_demo_042,47100,paid,2026-07-04T10:44:02.460165
ord_demo_00238,m_demo,cust_demo_095,3097100,paid,2026-07-04T06:07:22.460165
ord_demo_00239,m_demo,cust_demo_091,418400,paid,2026-07-04T01:41:58.460165
ord_demo_00240,m_demo,cust_demo_087,103300,paid,2026-07-05T09:32:24.460165
ord_demo_00241,m_demo,cust_demo_040,161200,paid,2026-07-05T11:11:55.460165
ord_demo_00242,m_demo,cust_demo_004,47100,paid,2026-07-05T09:20:58.460165
ord_demo_00243,m_demo,cust_demo_062,115200,paid,2026-07-06T02:07:49.460165
ord_demo_00244,m_demo,cust_demo_019,846200,paid,2026-07-06T04:20:44.460165
ord_demo_00245,m_demo,cust_demo_041,2359800,paid,2026-07-06T10:33:04.460165
ord_demo_00246,m_demo,cust_demo_118,8512300,paid,2026-07-06T05:42:18.460165
ord_demo_00247,m_demo,cust_demo_068,10464600,paid,2026-07-06T11:42:36.460165
ord_demo_00248,m_demo,cust_demo_034,47100,paid,2026-07-06T22:26:46.460165
ord_demo_00249,m_demo,cust_demo_072,3097100,paid,2026-07-06T22:48:37.460165
ord_demo_00250,m_demo,cust_demo_091,61900,paid,2026-07-06T22:14:39.460165
ord_demo_00251,m_demo,cust_demo_037,103300,paid,2026-07-07T08:03:54.460165
ord_demo_00252,m_demo,cust_demo_049,10303400,paid,2026-07-07T00:53:55.460165
ord_demo_00253,m_demo,cust_demo_028,61900,paid,2026-07-07T16:15:53.460165
ord_demo_00254,m_demo,cust_demo_079,161200,paid,2026-07-07T21:06:56.460165
ord_demo_00255,m_demo,cust_demo_007,846200,paid,2026-07-08T00:18:49.460165
ord_demo_00256,m_demo,cust_demo_061,103300,paid,2026-07-08T17:17:35.460165
ord_demo_00257,m_demo,cust_demo_001,2159900,paid,2026-07-08T18:02:18.460165
ord_demo_00258,m_demo,cust_demo_061,10375600,paid,2026-07-09T20:44:34.460165
ord_demo_00259,m_demo,cust_demo_069,161200,paid,2026-07-09T13:38:45.460165
ord_demo_00260,m_demo,cust_demo_117,115200,paid,2026-07-09T13:36:40.460165
ord_demo_00261,m_demo,cust_demo_101,8604200,paid,2026-07-11T07:22:40.460165
ord_demo_00262,m_demo,cust_demo_064,2942800,paid,2026-07-10T16:23:21.460165
ord_demo_00263,m_demo,cust_demo_033,175000,paid,2026-07-12T11:32:36.460165
ord_demo_00264,m_demo,cust_demo_115,10473500,paid,2026-07-11T21:19:09.460165
ord_demo_00265,m_demo,cust_demo_001,170100,paid,2026-07-11T22:00:32.460165
ord_demo_00266,m_demo,cust_demo_043,3097100,paid,2026-07-12T01:22:44.460165
ord_demo_00267,m_demo,cust_demo_089,237800,paid,2026-07-12T05:13:57.460165
ord_demo_00268,m_demo,cust_demo_021,10303400,paid,2026-07-12T23:01:48.460165
ord_demo_00269,m_demo,cust_demo_048,47100,paid,2026-07-13T05:41:53.460165
ord_demo_00270,m_demo,cust_demo_020,91900,paid,2026-07-13T05:25:49.460165
ord_demo_00271,m_demo,cust_demo_097,2159900,paid,2026-07-12T20:14:24.460165
ord_demo_00272,m_demo,cust_demo_098,134500,paid,2026-07-13T09:58:51.460165
ord_demo_00273,m_demo,cust_demo_112,759500,paid,2026-07-12T16:22:24.460165
ord_demo_00274,m_demo,cust_demo_026,418400,paid,2026-07-14T07:13:59.460165
ord_demo_00275,m_demo,cust_demo_057,103300,paid,2026-07-14T09:31:11.460165
ord_demo_00276,m_demo,cust_demo_063,929600,paid,2026-07-14T04:55:10.460165
ord_demo_00277,m_demo,cust_demo_073,974800,paid,2026-07-13T12:23:52.460165
ord_demo_00278,m_demo,cust_demo_096,633900,paid,2026-07-13T14:28:54.460165
ord_demo_00279,m_demo,cust_demo_120,759500,paid,2026-07-13T17:13:07.460165
ord_demo_00280,m_demo,cust_demo_094,152200,paid,2026-07-15T01:55:18.460165
ord_demo_00281,m_demo,cust_demo_115,10397600,paid,2026-07-15T07:50:56.460165
ord_demo_00282,m_demo,cust_demo_029,2033400,paid,2026-07-16T08:06:38.460165
ord_demo_00283,m_demo,cust_demo_055,2159900,paid,2026-07-15T20:38:59.460165
ord_demo_00284,m_demo,cust_demo_059,633900,paid,2026-07-17T03:33:07.460165
ord_demo_00285,m_demo,cust_demo_079,2148600,paid,2026-07-16T14:03:37.460165
ord_demo_00286,m_demo,cust_demo_032,253100,paid,2026-07-16T20:11:54.460165
ord_demo_00287,m_demo,cust_demo_097,896600,paid,2026-07-16T23:57:47.460165
ord_demo_00288,m_demo,cust_demo_085,432700,paid,2026-07-18T03:50:31.460165
ord_demo_00289,m_demo,cust_demo_072,8526000,paid,2026-07-18T01:59:40.460165
ord_demo_00290,m_demo,cust_demo_024,2159900,paid,2026-07-17T20:29:33.460165
ord_demo_00291,m_demo,cust_demo_039,127900,paid,2026-07-17T17:10:12.460165
ord_demo_00292,m_demo,cust_demo_032,170100,paid,2026-07-19T04:39:51.460165
ord_demo_00293,m_demo,cust_demo_109,681000,paid,2026-07-19T09:40:52.460165
ord_demo_00294,m_demo,cust_demo_093,846200,paid,2026-07-18T12:50:46.460165
ord_demo_00295,m_demo,cust_demo_028,324500,paid,2026-07-18T19:44:02.460165
ord_demo_00296,m_demo,cust_demo_051,134500,paid,2026-07-18T22:35:38.460165
ord_demo_00297,m_demo,cust_demo_040,170100,paid,2026-07-20T05:15:17.460165
ord_demo_00298,m_demo,cust_demo_013,161200,paid,2026-07-19T23:56:50.460165
ord_demo_00299,m_demo,cust_demo_048,125100,paid,2026-07-21T08:46:08.460165
ord_demo_00300,m_demo,cust_demo_111,134500,paid,2026-07-20T12:52:42.460165
ord_demo_00301,m_demo,cust_demo_034,2159900,paid,2026-07-21T09:22:26.460165
ord_demo_00302,m_demo,cust_demo_093,2359800,paid,2026-07-21T09:02:00.460165
ord_demo_00303,m_demo,cust_demo_107,134500,paid,2026-07-21T12:07:17.460165
ord_demo_00304,m_demo,cust_demo_063,161200,paid,2026-07-22T06:09:00.460165
ord_demo_00305,m_demo,cust_demo_059,115200,paid,2026-07-22T08:11:13.460165
ord_demo_00306,m_demo,cust_demo_063,115200,paid,2026-07-21T14:25:35.460165
ord_demo_00307,m_demo,cust_demo_005,759500,paid,2026-07-23T11:15:04.460165
ord_demo_00308,m_demo,cust_demo_030,806600,paid,2026-07-23T10:44:05.460165
ord_demo_00309,m_demo,cust_demo_117,8550500,paid,2026-07-23T03:57:53.460165
ord_demo_00310,m_demo,cust_demo_104,162300,paid,2026-07-22T21:28:41.460165
ord_demo_00311,m_demo,cust_demo_105,572000,paid,2026-07-23T08:51:32.460165
ord_demo_00312,m_demo,cust_demo_032,175000,paid,2026-07-23T02:05:47.460165
ord_demo_00313,m_demo,cust_demo_049,2159900,paid,2026-07-23T11:28:16.460165
ord_demo_00314,m_demo,cust_demo_109,2359800,paid,2026-07-23T15:45:36.460165
ord_demo_00315,m_demo,cust_demo_115,262600,paid,2026-07-24T08:55:26.460165
ord_demo_00316,m_demo,cust_demo_061,217200,paid,2026-07-24T08:03:33.460165
ord_demo_00317,m_demo,cust_demo_073,985200,paid,2026-07-23T15:05:21.460165
ord_demo_00318,m_demo,cust_demo_021,418400,paid,2026-07-25T02:27:24.460165
ord_demo_00319,m_demo,cust_demo_087,2159900,paid,2026-07-24T17:23:00.460165
ord_demo_00320,m_demo,cust_demo_102,161600,paid,2026-07-25T04:12:07.460165
ord_demo_00321,m_demo,cust_demo_030,759500,paid,2026-07-25T00:10:15.460165
ord_demo_00322,m_demo,cust_demo_058,11520100,paid,2026-07-25T15:16:29.460165
ord_demo_00323,m_demo,cust_demo_035,2942800,paid,2026-07-26T02:28:25.460165
ord_demo_00324,m_demo,cust_demo_041,687200,paid,2026-07-25T16:00:36.460165
ord_demo_00325,m_demo,cust_demo_012,115200,paid,2026-07-26T16:02:55.460165
ord_demo_00326,m_demo,cust_demo_004,3166400,paid,2026-07-26T15:22:18.460165
ord_demo_00327,m_demo,cust_demo_093,2159900,paid,2026-07-26T21:07:33.460165
ord_demo_00328,m_demo,cust_demo_022,2942800,paid,2026-07-27T18:22:33.460165
ord_demo_00329,m_demo,cust_demo_056,170100,paid,2026-07-27T15:05:19.460165
ord_demo_00330,m_demo,cust_demo_033,134500,paid,2026-07-29T06:20:22.460165
ord_demo_00331,m_demo,cust_demo_077,94200,paid,2026-07-28T23:22:49.460165
ord_demo_00332,m_demo,cust_demo_001,10303400,paid,2026-07-29T11:59:29.460165
ord_demo_00333,m_demo,cust_demo_077,2942800,paid,2026-07-29T05:43:41.460165
ord_demo_00334,m_demo,cust_demo_041,3097100,paid,2026-07-29T21:06:52.460165
ord_demo_00335,m_demo,cust_demo_042,10303400,paid,2026-07-29T18:50:20.460165
ord_demo_00336,m_demo,cust_demo_088,2321100,paid,2026-07-30T05:05:42.460165
ord_demo_00337,m_demo,cust_demo_091,61900,paid,2026-07-30T03:11:04.460165
ord_demo_00338,m_demo,cust_demo_087,8481200,paid,2026-07-30T06:43:59.460165
ord_demo_00339,m_demo,cust_demo_054,2731900,paid,2026-07-31T07:50:10.460165
ord_demo_00340,m_demo,cust_demo_077,152200,paid,2026-07-30T16:16:12.460165
ord_demo_00341,m_demo,cust_demo_099,134500,paid,2026-07-31T01:12:48.460165
ord_demo_00342,m_demo,cust_demo_022,152200,paid,2026-07-31T08:47:39.460165
ord_demo_00343,m_demo,cust_demo_083,846200,paid,2026-07-30T16:08:43.460165
ord_demo_00344,m_demo,cust_demo_002,103300,paid,2026-07-31T06:52:52.460165
ord_demo_00345,m_demo,cust_demo_074,134500,paid,2026-08-01T02:31:43.460165
ord_demo_00346,m_demo,cust_demo_060,949500,paid,2026-07-31T23:02:39.460165
ord_demo_00347,m_demo,cust_demo_054,821400,paid,2026-08-01T00:58:09.460165
ord_demo_00348,m_demo,cust_demo_013,896600,paid,2026-08-01T16:28:41.460165
ord_demo_00349,m_demo,cust_demo_003,125100,paid,2026-08-01T18:16:19.460165
ord_demo_00350,m_demo,cust_demo_120,161200,paid,2026-08-01T18:38:22.460165
ord_demo_00351,m_demo,cust_demo_071,115200,paid,2026-08-02T03:02:07.460165
ord_demo_00352,m_demo,cust_demo_056,10459500,paid,2026-08-02T15:59:33.460165
ord_demo_00353,m_demo,cust_demo_103,2159900,paid,2026-08-03T00:09:24.460165
ord_demo_00354,m_demo,cust_demo_026,139000,paid,2026-08-03T09:39:36.460165
ord_demo_00355,m_demo,cust_demo_015,572000,paid,2026-08-02T23:07:03.460165
ord_demo_00356,m_demo,cust_demo_118,47100,paid,2026-08-02T23:41:26.460165
ord_demo_00357,m_demo,cust_demo_031,3097100,paid,2026-08-04T02:25:53.460165
ord_demo_00358,m_demo,cust_demo_054,47100,paid,2026-08-03T19:03:04.460165
ord_demo_00359,m_demo,cust_demo_063,152200,paid,2026-08-04T11:46:52.460165
ord_demo_00360,m_demo,cust_demo_120,115200,paid,2026-08-03T23:44:29.460165
ord_demo_00361,m_demo,cust_demo_108,91900,paid,2026-08-03T19:23:32.460165
ord_demo_00362,m_demo,cust_demo_105,10303400,paid,2026-08-04T06:04:51.460165
ord_demo_00363,m_demo,cust_demo_098,134500,paid,2026-08-04T22:17:42.460165
ord_demo_00364,m_demo,cust_demo_029,2159900,paid,2026-08-05T04:56:19.460165
ord_demo_00365,m_demo,cust_demo_073,161200,paid,2026-08-05T06:19:18.460165
ord_demo_00366,m_demo,cust_demo_071,377800,paid,2026-08-05T08:01:23.460165
ord_demo_00367,m_demo,cust_demo_106,804700,paid,2026-08-05T12:05:15.460165
ord_demo_00368,m_demo,cust_demo_039,804700,paid,2026-08-05T16:33:43.460165
ord_demo_00369,m_demo,cust_demo_100,134500,paid,2026-08-06T09:41:37.460165
ord_demo_00370,m_demo,cust_demo_089,572000,paid,2026-08-05T19:48:39.460165
ord_demo_00371,m_demo,cust_demo_105,61900,paid,2026-08-05T18:25:06.460165
ord_demo_00372,m_demo,cust_demo_042,80800,paid,2026-08-05T15:45:18.460165
ord_demo_00373,m_demo,cust_demo_118,804700,paid,2026-08-06T21:22:42.460165
ord_demo_00374,m_demo,cust_demo_019,80800,paid,2026-08-06T17:27:51.460165
ord_demo_00375,m_demo,cust_demo_074,152200,paid,2026-08-07T03:22:10.460165
ord_demo_00376,m_demo,cust_demo_049,139000,paid,2026-08-07T04:50:34.460165
ord_demo_00377,m_demo,cust_demo_063,125100,paid,2026-08-06T15:40:45.460165
ord_demo_00378,m_demo,cust_demo_094,91900,paid,2026-08-07T02:46:06.460165
ord_demo_00379,m_demo,cust_demo_028,2359800,paid,2026-08-06T22:36:48.460165
ord_demo_00380,m_demo,cust_demo_071,418400,paid,2026-08-08T00:48:11.460165
ord_demo_00381,m_demo,cust_demo_115,1110500,paid,2026-08-08T03:51:49.460165
ord_demo_00382,m_demo,cust_demo_026,80800,paid,2026-08-07T22:15:53.460165
ord_demo_00383,m_demo,cust_demo_012,152200,paid,2026-08-07T15:17:20.460165
ord_demo_00384,m_demo,cust_demo_007,10303400,paid,2026-08-08T20:03:30.460165
ord_demo_00385,m_demo,cust_demo_062,946500,paid,2026-08-09T03:39:50.460165
ord_demo_00386,m_demo,cust_demo_089,2942800,paid,2026-08-08T16:01:02.460165
ord_demo_00387,m_demo,cust_demo_041,666200,paid,2026-08-10T08:47:48.460165
ord_demo_00388,m_demo,cust_demo_002,47100,paid,2026-08-09T20:02:42.460165
ord_demo_00389,m_demo,cust_demo_081,161200,paid,2026-08-10T03:16:40.460165
ord_demo_00390,m_demo,cust_demo_012,103300,paid,2026-08-10T16:46:19.460165
ord_demo_00391,m_demo,cust_demo_076,161200,paid,2026-08-11T03:55:17.460165
ord_demo_00392,m_demo,cust_demo_041,2942800,paid,2026-08-11T10:10:11.460165
ord_demo_00393,m_demo,cust_demo_093,47100,paid,2026-08-11T13:15:52.460165
ord_demo_00394,m_demo,cust_demo_109,940400,paid,2026-08-11T21:00:07.460165
ord_demo_00395,m_demo,cust_demo_082,2080500,paid,2026-08-12T23:48:37.460165
ord_demo_00396,m_demo,cust_demo_017,10303400,paid,2026-08-12T14:56:44.460165
ord_demo_00397,m_demo,cust_demo_003,418400,paid,2026-08-12T13:44:17.460165
ord_demo_00398,m_demo,cust_demo_119,804700,paid,2026-08-13T03:24:48.460165
ord_demo_00399,m_demo,cust_demo_090,10365300,paid,2026-08-14T02:30:50.460165
ord_demo_00400,m_demo,cust_demo_076,152200,paid,2026-08-14T11:56:52.460165
ord_demo_00401,m_demo,cust_demo_088,233000,paid,2026-08-13T20:58:35.460165
ord_demo_00402,m_demo,cust_demo_008,134500,paid,2026-08-14T04:06:25.460165
ord_demo_00403,m_demo,cust_demo_015,851400,paid,2026-08-13T12:42:04.460165
ord_demo_00404,m_demo,cust_demo_067,161200,paid,2026-08-15T01:49:38.460165
ord_demo_00405,m_demo,cust_demo_017,161200,paid,2026-08-14T22:04:24.460165
ord_demo_00406,m_demo,cust_demo_094,103300,paid,2026-08-14T13:21:24.460165
ord_demo_00407,m_demo,cust_demo_104,2475000,paid,2026-08-16T06:53:06.460165
ord_demo_00408,m_demo,cust_demo_047,804700,paid,2026-08-15T16:02:04.460165
ord_demo_00409,m_demo,cust_demo_115,418400,paid,2026-08-16T06:48:49.460165
ord_demo_00410,m_demo,cust_demo_001,898900,paid,2026-08-15T13:34:32.460165
ord_demo_00411,m_demo,cust_demo_071,80800,paid,2026-08-15T23:56:11.460165
ord_demo_00412,m_demo,cust_demo_016,309700,paid,2026-08-16T14:47:51.460165
ord_demo_00413,m_demo,cust_demo_113,183800,paid,2026-08-17T04:55:03.460165
ord_demo_00414,m_demo,cust_demo_002,572000,paid,2026-08-17T05:10:44.460165
ord_demo_00415,m_demo,cust_demo_048,418400,paid,2026-08-16T19:24:11.460165
ord_demo_00416,m_demo,cust_demo_094,2159900,paid,2026-08-16T21:12:46.460165
ord_demo_00417,m_demo,cust_demo_001,3206000,paid,2026-08-17T12:38:14.460165
ord_demo_00418,m_demo,cust_demo_043,2033400,paid,2026-08-17T23:29:03.460165
ord_demo_00419,m_demo,cust_demo_014,123800,paid,2026-08-17T17:28:18.460165
ord_demo_00420,m_demo,cust_demo_030,262600,paid,2026-08-19T09:25:59.460165
ord_demo_00421,m_demo,cust_demo_013,390500,paid,2026-08-18T23:45:25.460165
ord_demo_00422,m_demo,cust_demo_119,13246200,paid,2026-08-19T09:34:35.460165
ord_demo_00423,m_demo,cust_demo_014,2942800,paid,2026-08-18T16:41:02.460165
ord_demo_00424,m_demo,cust_demo_046,123800,paid,2026-08-19T23:21:51.460165
ord_demo_00425,m_demo,cust_demo_106,652800,paid,2026-08-20T01:14:24.460165
ord_demo_00426,m_demo,cust_demo_051,10657900,paid,2026-08-20T08:31:46.460165
ord_demo_00427,m_demo,cust_demo_096,2159900,paid,2026-08-20T05:06:37.460165
ord_demo_00428,m_demo,cust_demo_014,3004700,paid,2026-08-20T01:50:27.460165
ord_demo_00429,m_demo,cust_demo_075,418400,paid,2026-08-20T13:04:54.460165
ord_demo_00430,m_demo,cust_demo_009,61900,paid,2026-08-21T00:21:33.460165
ord_demo_00431,m_demo,cust_demo_016,898900,paid,2026-08-21T03:49:20.460165
ord_demo_00432,m_demo,cust_demo_046,123800,paid,2026-08-22T10:38:49.460165
ord_demo_00433,m_demo,cust_demo_080,47100,paid,2026-08-22T03:17:17.460165
ord_demo_00434,m_demo,cust_demo_113,2159900,paid,2026-08-21T15:28:54.460165
ord_demo_00435,m_demo,cust_demo_083,10566000,paid,2026-08-23T01:21:46.460165
ord_demo_00436,m_demo,cust_demo_062,2159900,paid,2026-08-23T00:48:50.460165
ord_demo_00437,m_demo,cust_demo_117,418400,paid,2026-08-22T18:50:05.460165
ord_demo_00438,m_demo,cust_demo_041,47100,paid,2026-08-23T22:30:59.460165
ord_demo_00439,m_demo,cust_demo_008,8342200,paid,2026-08-23T21:59:31.460165
ord_demo_00440,m_demo,cust_demo_069,295700,paid,2026-08-24T09:14:54.460165
ord_demo_00441,m_demo,cust_demo_109,10350500,paid,2026-08-23T13:18:54.460165
ord_demo_00442,m_demo,cust_demo_091,80800,paid,2026-08-24T06:12:34.460165
ord_demo_00443,m_demo,cust_demo_070,3212300,paid,2026-08-23T20:15:16.460165
ord_demo_00444,m_demo,cust_demo_118,94200,paid,2026-08-24T18:44:57.460165
ord_demo_00445,m_demo,cust_demo_118,3067900,paid,2026-08-25T09:38:45.460165
ord_demo_00446,m_demo,cust_demo_091,2942800,paid,2026-08-24T14:55:43.460165
ord_demo_00447,m_demo,cust_demo_048,80800,paid,2026-08-24T17:15:21.460165
ord_demo_00448,m_demo,cust_demo_094,2359800,paid,2026-08-25T18:37:50.460165
ord_demo_00449,m_demo,cust_demo_091,2159900,paid,2026-08-26T10:37:57.460165
ord_demo_00450,m_demo,cust_demo_101,572000,paid,2026-08-25T23:00:39.460165
ord_demo_00451,m_demo,cust_demo_017,115200,paid,2026-08-26T02:32:44.460165
ord_demo_00452,m_demo,cust_demo_118,47100,paid,2026-08-27T06:21:12.460165
ord_demo_00453,m_demo,cust_demo_019,125100,paid,2026-08-26T20:57:11.460165
ord_demo_00454,m_demo,cust_demo_045,125100,paid,2026-08-26T15:31:06.460165
ord_demo_00455,m_demo,cust_demo_106,161600,paid,2026-08-26T19:55:20.460165
ord_demo_00456,m_demo,cust_demo_032,208700,paid,2026-08-27T03:34:01.460165
ord_demo_00457,m_demo,cust_demo_022,2359800,paid,2026-08-26T15:58:51.460165
ord_demo_00458,m_demo,cust_demo_101,418400,paid,2026-08-27T18:12:36.460165
ord_demo_00459,m_demo,cust_demo_058,853700,paid,2026-08-27T18:28:53.460165
ord_demo_00460,m_demo,cust_demo_114,10465700,paid,2026-08-28T10:23:59.460165
ord_demo_00461,m_demo,cust_demo_114,2421700,paid,2026-08-28T08:27:45.460165
ord_demo_00462,m_demo,cust_demo_093,161200,paid,2026-08-27T22:32:16.460165
ord_demo_00463,m_demo,cust_demo_074,2159900,paid,2026-08-28T17:52:48.460165
ord_demo_00464,m_demo,cust_demo_007,687200,paid,2026-08-28T19:33:28.460165
ord_demo_00465,m_demo,cust_demo_013,2033400,paid,2026-08-29T05:31:48.460165
ord_demo_00466,m_demo,cust_demo_109,103300,paid,2026-08-29T02:45:33.460165
ord_demo_00467,m_demo,cust_demo_061,8342200,paid,2026-08-28T19:04:52.460165
ord_demo_00468,m_demo,cust_demo_006,170100,paid,2026-08-29T22:03:57.460165
ord_demo_00469,m_demo,cust_demo_073,967000,paid,2026-08-29T20:34:17.460165
ord_demo_00470,m_demo,cust_demo_071,804700,paid,2026-08-30T05:34:33.460165
ord_demo_00471,m_demo,cust_demo_074,134500,paid,2026-08-29T15:09:45.460165
ord_demo_00472,m_demo,cust_demo_051,208700,paid,2026-08-29T20:00:09.460165
ord_demo_00473,m_demo,cust_demo_088,2359800,paid,2026-08-31T09:57:11.460165
ord_demo_00474,m_demo,cust_demo_034,125100,paid,2026-08-30T14:43:40.460165
ord_demo_00475,m_demo,cust_demo_012,10384200,paid,2026-08-31T07:18:50.460165
ord_demo_00476,m_demo,cust_demo_101,2359800,paid,2026-08-31T09:30:09.460165
ord_demo_00477,m_demo,cust_demo_098,103300,paid,2026-08-31T08:46:29.460165
ord_demo_00478,m_demo,cust_demo_100,103300,paid,2026-08-31T07:47:23.460165
ord_demo_00479,m_demo,cust_demo_113,2359800,paid,2026-09-01T05:30:40.460165
ord_demo_00480,m_demo,cust_demo_005,115200,paid,2026-09-01T02:54:51.460165
ord_demo_00481,m_demo,cust_demo_005,10303400,paid,2026-08-31T13:01:28.460165
ord_demo_00482,m_demo,cust_demo_044,3097100,paid,2026-08-31T15:51:50.460165
ord_demo_00483,m_demo,cust_demo_112,134500,paid,2026-09-01T04:25:16.460165
ord_demo_00484,m_demo,cust_demo_100,125100,paid,2026-09-01T03:27:44.460165
ord_demo_00485,m_demo,cust_demo_028,2359800,paid,2026-09-01T14:20:04.460165
ord_demo_00486,m_demo,cust_demo_066,162300,paid,2026-09-01T13:20:31.460165
ord_demo_00487,m_demo,cust_demo_023,866600,paid,2026-09-02T01:24:32.460165
ord_demo_00488,m_demo,cust_demo_091,61900,paid,2026-09-01T16:47:53.460165
ord_demo_00489,m_demo,cust_demo_004,134500,paid,2026-09-03T09:54:59.460165
ord_demo_00490,m_demo,cust_demo_058,115200,paid,2026-09-03T00:49:18.460165
ord_demo_00491,m_demo,cust_demo_021,170100,paid,2026-09-02T22:40:01.460165
ord_demo_00492,m_demo,cust_demo_004,10427200,paid,2026-09-02T12:36:43.460165
ord_demo_00493,m_demo,cust_demo_077,2033400,paid,2026-09-04T11:41:22.460165
ord_demo_00494,m_demo,cust_demo_036,2359800,paid,2026-09-03T20:13:58.460165
ord_demo_00495,m_demo,cust_demo_060,3097100,paid,2026-09-03T16:00:47.460165
ord_demo_00496,m_demo,cust_demo_001,262600,paid,2026-09-04T09:54:23.460165
ord_demo_00497,m_demo,cust_demo_078,3212300,paid,2026-09-03T22:21:16.460165
ord_demo_00498,m_demo,cust_demo_082,125100,paid,2026-09-03T21:47:46.460165
ord_demo_00499,m_demo,cust_demo_092,152200,paid,2026-09-04T17:44:48.460165
ord_demo_00500,m_demo,cust_demo_067,134500,paid,2026-09-05T10:08:04.460165
ord_demo_00501,m_demo,cust_demo_052,893300,paid,2026-09-05T03:31:39.460165
ord_acme_00001,m_acme,cust_acme_057,448600,paid,2026-05-09T09:16:59.463162
ord_acme_00002,m_acme,cust_acme_047,10390300,paid,2026-05-08T21:20:18.463162
ord_acme_00003,m_acme,cust_acme_031,101300,paid,2026-05-09T08:37:00.463162
ord_acme_00004,m_acme,cust_acme_058,8590400,paid,2026-05-09T00:20:08.463162
ord_acme_00005,m_acme,cust_acme_042,705600,paid,2026-05-10T04:36:10.463162
ord_acme_00006,m_acme,cust_acme_006,415900,paid,2026-05-10T06:23:48.463162
ord_acme_00007,m_acme,cust_acme_048,351600,paid,2026-05-10T08:34:21.463162
ord_acme_00008,m_acme,cust_acme_001,7627800,paid,2026-05-11T04:53:53.463162
ord_acme_00009,m_acme,cust_acme_022,101300,paid,2026-05-11T00:22:29.463162
ord_acme_00010,m_acme,cust_acme_046,806900,paid,2026-05-12T11:21:32.463162
ord_acme_00011,m_acme,cust_acme_052,388700,paid,2026-05-11T16:09:32.463162
ord_acme_00012,m_acme,cust_acme_047,399800,paid,2026-05-14T20:08:14.463162
ord_acme_00013,m_acme,cust_acme_030,336700,paid,2026-05-15T03:22:42.463162
ord_acme_00014,m_acme,cust_acme_038,98400,paid,2026-05-15T17:11:24.463162
ord_acme_00015,m_acme,cust_acme_032,650100,paid,2026-05-16T09:35:29.463162
ord_acme_00016,m_acme,cust_acme_031,150100,paid,2026-05-16T09:21:09.463162
ord_acme_00017,m_acme,cust_acme_012,2042400,paid,2026-05-16T12:13:39.463162
ord_acme_00018,m_acme,cust_acme_025,298500,paid,2026-05-18T00:46:16.463162
ord_acme_00019,m_acme,cust_acme_019,120600,paid,2026-05-17T17:19:08.463162
ord_acme_00020,m_acme,cust_acme_027,150100,paid,2026-05-17T23:43:01.463162
ord_acme_00021,m_acme,cust_acme_013,336700,paid,2026-05-20T00:51:35.463162
ord_acme_00022,m_acme,cust_acme_059,2042400,paid,2026-05-20T11:57:25.463162
ord_acme_00023,m_acme,cust_acme_012,150100,paid,2026-05-19T16:29:23.463162
ord_acme_00024,m_acme,cust_acme_036,415900,paid,2026-05-21T03:29:16.463162
ord_acme_00025,m_acme,cust_acme_019,9127200,paid,2026-05-21T19:33:58.463162
ord_acme_00026,m_acme,cust_acme_010,8492000,paid,2026-05-24T08:44:44.463162
ord_acme_00027,m_acme,cust_acme_056,10390300,paid,2026-05-23T13:59:54.463162
ord_acme_00028,m_acme,cust_acme_060,705600,paid,2026-05-24T08:23:25.463162
ord_acme_00029,m_acme,cust_acme_004,351600,paid,2026-05-24T04:25:10.463162
ord_acme_00030,m_acme,cust_acme_059,101300,paid,2026-05-24T19:19:59.463162
ord_acme_00031,m_acme,cust_acme_012,8426000,paid,2026-05-26T21:34:22.463162
ord_acme_00032,m_acme,cust_acme_001,77900,paid,2026-05-27T11:03:25.463162
ord_acme_00033,m_acme,cust_acme_040,388700,paid,2026-05-27T01:19:31.463162
ord_acme_00034,m_acme,cust_acme_015,8244800,paid,2026-05-27T20:03:21.463162
ord_acme_00035,m_acme,cust_acme_043,77900,paid,2026-05-28T05:34:37.463162
ord_acme_00036,m_acme,cust_acme_029,10390300,paid,2026-05-29T16:24:57.463162
ord_acme_00037,m_acme,cust_acme_025,181200,paid,2026-05-29T22:35:07.463162
ord_acme_00038,m_acme,cust_acme_002,150100,paid,2026-05-30T06:48:37.463162
ord_acme_00039,m_acme,cust_acme_029,415900,paid,2026-05-29T19:17:49.463162
ord_acme_00040,m_acme,cust_acme_033,7809000,paid,2026-05-31T03:43:58.463162
ord_acme_00041,m_acme,cust_acme_054,98400,paid,2026-05-31T04:08:04.463162
ord_acme_00042,m_acme,cust_acme_044,2198200,paid,2026-05-31T14:57:17.463162
ord_acme_00043,m_acme,cust_acme_004,8244800,paid,2026-06-01T11:14:00.463162
ord_acme_00044,m_acme,cust_acme_028,77900,paid,2026-06-02T10:48:05.463162
ord_acme_00045,m_acme,cust_acme_045,7627800,paid,2026-06-03T04:13:24.463162
ord_acme_00046,m_acme,cust_acme_025,705600,paid,2026-06-03T02:31:25.463162
ord_acme_00047,m_acme,cust_acme_044,806900,paid,2026-06-04T12:28:16.463162
ord_acme_00048,m_acme,cust_acme_037,705600,paid,2026-06-05T00:48:26.463162
ord_acme_00049,m_acme,cust_acme_027,150100,paid,2026-06-06T10:44:53.463162
ord_acme_00050,m_acme,cust_acme_052,8492000,paid,2026-06-06T14:44:26.463162
ord_acme_00051,m_acme,cust_acme_017,98400,paid,2026-06-07T12:09:11.463162
ord_acme_00052,m_acme,cust_acme_007,388700,paid,2026-06-07T23:51:29.463162
ord_acme_00053,m_acme,cust_acme_032,120600,paid,2026-06-07T23:25:02.463162
ord_acme_00054,m_acme,cust_acme_052,77900,paid,2026-06-10T11:37:12.463162
ord_acme_00055,m_acme,cust_acme_044,77900,paid,2026-06-11T08:22:25.463162
ord_acme_00056,m_acme,cust_acme_012,7777900,paid,2026-06-11T15:01:59.463162
ord_acme_00057,m_acme,cust_acme_058,351600,paid,2026-06-12T09:28:26.463162
ord_acme_00058,m_acme,cust_acme_038,1094300,paid,2026-06-12T07:56:13.463162
ord_acme_00059,m_acme,cust_acme_026,10390300,paid,2026-06-13T01:32:09.463162
ord_acme_00060,m_acme,cust_acme_001,10390300,paid,2026-06-13T18:48:37.463162
ord_acme_00061,m_acme,cust_acme_010,415900,paid,2026-06-14T20:43:32.463162
ord_acme_00062,m_acme,cust_acme_005,181200,paid,2026-06-14T13:50:47.463162
ord_acme_00063,m_acme,cust_acme_043,336700,paid,2026-06-15T02:25:05.463162
ord_acme_00064,m_acme,cust_acme_031,120600,paid,2026-06-14T13:44:27.463162
ord_acme_00065,m_acme,cust_acme_021,98400,paid,2026-06-15T21:52:30.463162
ord_acme_00066,m_acme,cust_acme_042,705600,paid,2026-06-17T01:59:23.463162
ord_acme_00067,m_acme,cust_acme_034,705600,paid,2026-06-18T10:17:12.463162
ord_acme_00068,m_acme,cust_acme_011,10491600,paid,2026-06-18T20:40:28.463162
ord_acme_00069,m_acme,cust_acme_052,77900,paid,2026-06-19T18:09:31.463162
ord_acme_00070,m_acme,cust_acme_003,2042400,paid,2026-06-20T18:09:16.463162
ord_acme_00071,m_acme,cust_acme_009,150100,paid,2026-06-20T14:19:25.463162
ord_acme_00072,m_acme,cust_acme_017,8244800,paid,2026-06-21T22:36:29.463162
ord_acme_00073,m_acme,cust_acme_031,415900,paid,2026-06-23T10:09:50.463162
ord_acme_00074,m_acme,cust_acme_010,8244800,paid,2026-06-22T14:47:40.463162
ord_acme_00075,m_acme,cust_acme_025,804000,paid,2026-06-23T17:44:00.463162
ord_acme_00076,m_acme,cust_acme_039,98400,paid,2026-06-24T07:38:12.463162
ord_acme_00077,m_acme,cust_acme_033,98400,paid,2026-06-23T12:19:54.463162
ord_acme_00078,m_acme,cust_acme_058,448600,paid,2026-06-24T05:50:29.463162
ord_acme_00079,m_acme,cust_acme_037,98400,paid,2026-06-25T15:20:23.463162
ord_acme_00080,m_acme,cust_acme_019,7908500,paid,2026-06-25T23:47:22.463162
ord_acme_00081,m_acme,cust_acme_027,101300,paid,2026-06-25T21:48:06.463162
ord_acme_00082,m_acme,cust_acme_055,7727300,paid,2026-06-26T08:35:17.463162
ord_acme_00083,m_acme,cust_acme_031,181200,paid,2026-06-27T09:19:10.463162
ord_acme_00084,m_acme,cust_acme_023,705600,paid,2026-06-27T04:32:53.463162
ord_acme_00085,m_acme,cust_acme_011,98400,paid,2026-06-27T14:10:59.463162
ord_acme_00086,m_acme,cust_acme_011,705600,paid,2026-06-28T10:08:32.463162
ord_acme_00087,m_acme,cust_acme_028,7726200,paid,2026-06-27T22:43:05.463162
ord_acme_00088,m_acme,cust_acme_050,8244800,paid,2026-06-28T13:30:42.463162
ord_acme_00089,m_acme,cust_acme_051,150100,paid,2026-06-28T18:27:31.463162
ord_acme_00090,m_acme,cust_acme_003,806900,paid,2026-06-29T22:20:04.463162
ord_acme_00091,m_acme,cust_acme_038,336700,paid,2026-06-30T14:47:10.463162
ord_acme_00092,m_acme,cust_acme_036,388700,paid,2026-07-02T09:30:43.463162
ord_acme_00093,m_acme,cust_acme_023,101300,paid,2026-07-01T19:22:13.463162
ord_acme_00094,m_acme,cust_acme_030,705600,paid,2026-07-01T14:55:24.463162
ord_acme_00095,m_acme,cust_acme_052,150100,paid,2026-07-03T09:13:09.463162
ord_acme_00096,m_acme,cust_acme_045,120600,paid,2026-07-04T08:47:32.463162
ord_acme_00097,m_acme,cust_acme_031,10488700,paid,2026-07-04T02:13:14.463162
ord_acme_00098,m_acme,cust_acme_041,10571500,paid,2026-07-03T21:19:36.463162
ord_acme_00099,m_acme,cust_acme_019,7627800,paid,2026-07-03T20:14:44.463162
ord_acme_00100,m_acme,cust_acme_058,181200,paid,2026-07-03T19:12:42.463162
ord_acme_00101,m_acme,cust_acme_016,181200,paid,2026-07-04T19:40:14.463162
ord_acme_00102,m_acme,cust_acme_059,8043700,paid,2026-07-08T01:48:10.463162
ord_acme_00103,m_acme,cust_acme_040,77900,paid,2026-07-08T06:09:27.463162
ord_acme_00104,m_acme,cust_acme_012,150100,paid,2026-07-08T09:17:01.463162
ord_acme_00105,m_acme,cust_acme_009,8492000,paid,2026-07-07T18:39:08.463162
ord_acme_00106,m_acme,cust_acme_030,861400,paid,2026-07-09T01:27:12.463162
ord_acme_00107,m_acme,cust_acme_040,181200,paid,2026-07-08T21:51:29.463162
ord_acme_00108,m_acme,cust_acme_016,181200,paid,2026-07-09T10:36:35.463162
ord_acme_00109,m_acme,cust_acme_022,101300,paid,2026-07-09T01:50:36.463162
ord_acme_00110,m_acme,cust_acme_055,705600,paid,2026-07-09T20:36:35.463162
ord_acme_00111,m_acme,cust_acme_036,298500,paid,2026-07-11T05:30:32.463162
ord_acme_00112,m_acme,cust_acme_058,150100,paid,2026-07-13T06:00:19.463162
ord_acme_00113,m_acme,cust_acme_017,7908500,paid,2026-07-14T11:13:14.463162
ord_acme_00114,m_acme,cust_acme_007,120600,paid,2026-07-13T21:44:45.463162
ord_acme_00115,m_acme,cust_acme_023,351600,paid,2026-07-16T10:20:11.463162
ord_acme_00116,m_acme,cust_acme_013,7805200,paid,2026-07-15T22:43:12.463162
ord_acme_00117,m_acme,cust_acme_030,2042400,paid,2026-07-16T11:36:39.463162
ord_acme_00118,m_acme,cust_acme_055,7705700,paid,2026-07-18T04:29:10.463162
ord_acme_00119,m_acme,cust_acme_050,101300,paid,2026-07-17T18:22:47.463162
ord_acme_00120,m_acme,cust_acme_016,181200,paid,2026-07-18T15:12:11.463162
ord_acme_00121,m_acme,cust_acme_014,8365400,paid,2026-07-18T15:19:08.463162
ord_acme_00122,m_acme,cust_acme_017,2042400,paid,2026-07-20T02:28:54.463162
ord_acme_00123,m_acme,cust_acme_029,2042400,paid,2026-07-20T18:29:58.463162
ord_acme_00124,m_acme,cust_acme_002,8492000,paid,2026-07-20T22:12:22.463162
ord_acme_00125,m_acme,cust_acme_029,2042400,paid,2026-07-22T07:55:22.463162
ord_acme_00126,m_acme,cust_acme_012,120600,paid,2026-07-22T11:26:19.463162
ord_acme_00127,m_acme,cust_acme_057,298500,paid,2026-07-22T07:56:12.463162
ord_acme_00128,m_acme,cust_acme_015,7627800,paid,2026-07-21T17:15:02.463162
ord_acme_00129,m_acme,cust_acme_045,415900,paid,2026-07-22T12:37:14.463162
ord_acme_00130,m_acme,cust_acme_052,388700,paid,2026-07-24T08:14:52.463162
ord_acme_00131,m_acme,cust_acme_024,336700,paid,2026-07-24T02:39:37.463162
ord_acme_00132,m_acme,cust_acme_016,8244800,paid,2026-07-24T07:05:50.463162
ord_acme_00133,m_acme,cust_acme_019,7727300,paid,2026-07-25T10:46:44.463162
ord_acme_00134,m_acme,cust_acme_029,181200,paid,2026-07-25T06:12:03.463162
ord_acme_00135,m_acme,cust_acme_035,351600,paid,2026-07-26T22:05:20.463162
ord_acme_00136,m_acme,cust_acme_009,120600,paid,2026-07-26T20:45:51.463162
ord_acme_00137,m_acme,cust_acme_010,351600,paid,2026-07-27T23:37:55.463162
ord_acme_00138,m_acme,cust_acme_051,415900,paid,2026-07-27T13:26:36.463162
ord_acme_00139,m_acme,cust_acme_010,8768400,paid,2026-07-28T21:21:08.463162
ord_acme_00140,m_acme,cust_acme_025,120600,paid,2026-07-28T13:30:29.463162
ord_acme_00141,m_acme,cust_acme_013,120600,paid,2026-07-28T15:42:32.463162
ord_acme_00142,m_acme,cust_acme_034,336700,paid,2026-07-28T23:39:05.463162
ord_acme_00143,m_acme,cust_acme_011,8907900,paid,2026-07-29T20:13:02.463162
ord_acme_00144,m_acme,cust_acme_008,10390300,paid,2026-07-29T12:36:47.463162
ord_acme_00145,m_acme,cust_acme_003,415900,paid,2026-07-29T15:32:45.463162
ord_acme_00146,m_acme,cust_acme_040,155800,paid,2026-07-31T11:45:22.463162
ord_acme_00147,m_acme,cust_acme_010,7908500,paid,2026-07-31T04:15:40.463162
ord_acme_00148,m_acme,cust_acme_013,351600,paid,2026-07-31T17:11:36.463162
ord_acme_00149,m_acme,cust_acme_017,8492000,paid,2026-08-01T00:56:46.463162
ord_acme_00150,m_acme,cust_acme_054,7949200,paid,2026-08-02T06:42:33.463162
ord_acme_00151,m_acme,cust_acme_055,101300,paid,2026-08-04T12:15:20.463162
ord_acme_00152,m_acme,cust_acme_035,705600,paid,2026-08-03T22:35:47.463162
ord_acme_00153,m_acme,cust_acme_027,2198200,paid,2026-08-04T13:25:36.463162
ord_acme_00154,m_acme,cust_acme_013,396900,paid,2026-08-05T09:46:48.463162
ord_acme_00155,m_acme,cust_acme_046,7726200,paid,2026-08-06T03:25:56.463162
ord_acme_00156,m_acme,cust_acme_053,399800,paid,2026-08-05T14:51:02.463162
ord_acme_00157,m_acme,cust_acme_054,388700,paid,2026-08-06T07:12:06.463162
ord_acme_00158,m_acme,cust_acme_007,10571500,paid,2026-08-06T16:07:46.463162
ord_acme_00159,m_acme,cust_acme_050,101300,paid,2026-08-06T16:04:41.463162
ord_acme_00160,m_acme,cust_acme_033,77900,paid,2026-08-07T23:45:44.463162
ord_acme_00161,m_acme,cust_acme_036,77900,paid,2026-08-08T00:03:52.463162
ord_acme_00162,m_acme,cust_acme_050,7727300,paid,2026-08-09T22:38:44.463162
ord_acme_00163,m_acme,cust_acme_002,150100,paid,2026-08-10T12:31:37.463162
ord_acme_00164,m_acme,cust_acme_021,351600,paid,2026-08-11T22:20:07.463162
ord_acme_00165,m_acme,cust_acme_059,7727300,paid,2026-08-11T21:56:09.463162
ord_acme_00166,m_acme,cust_acme_024,10588800,paid,2026-08-12T06:03:56.463162
ord_acme_00167,m_acme,cust_acme_045,98400,paid,2026-08-12T15:08:43.463162
ord_acme_00168,m_acme,cust_acme_057,298500,paid,2026-08-14T12:03:18.463162
ord_acme_00169,m_acme,cust_acme_055,351600,paid,2026-08-13T14:15:31.463162
ord_acme_00170,m_acme,cust_acme_020,150100,paid,2026-08-13T17:44:02.463162
ord_acme_00171,m_acme,cust_acme_033,10491600,paid,2026-08-14T20:22:26.463162
ord_acme_00172,m_acme,cust_acme_009,783500,paid,2026-08-16T02:47:52.463162
ord_acme_00173,m_acme,cust_acme_028,2042400,paid,2026-08-17T05:47:52.463162
ord_acme_00174,m_acme,cust_acme_036,336700,paid,2026-08-16T19:25:40.463162
ord_acme_00175,m_acme,cust_acme_036,448600,paid,2026-08-17T00:03:47.463162
ord_acme_00176,m_acme,cust_acme_043,298500,paid,2026-08-17T13:10:09.463162
ord_acme_00177,m_acme,cust_acme_050,388700,paid,2026-08-18T04:23:18.463162
ord_acme_00178,m_acme,cust_acme_010,10510900,paid,2026-08-18T19:33:30.463162
ord_acme_00179,m_acme,cust_acme_008,8593300,paid,2026-08-20T16:20:22.463162
ord_acme_00180,m_acme,cust_acme_020,120600,paid,2026-08-21T00:22:16.463162
ord_acme_00181,m_acme,cust_acme_014,7828600,paid,2026-08-20T12:57:27.463162
ord_acme_00182,m_acme,cust_acme_051,532800,paid,2026-08-23T14:42:46.463162
ord_acme_00183,m_acme,cust_acme_025,181200,paid,2026-08-24T01:24:11.463162
ord_acme_00184,m_acme,cust_acme_002,388700,paid,2026-08-24T20:42:16.463162
ord_acme_00185,m_acme,cust_acme_025,150100,paid,2026-08-24T23:46:24.463162
ord_acme_00186,m_acme,cust_acme_032,7825700,paid,2026-08-25T00:25:58.463162
ord_acme_00187,m_acme,cust_acme_023,101300,paid,2026-08-26T06:32:17.463162
ord_acme_00188,m_acme,cust_acme_052,8492000,paid,2026-08-26T22:29:22.463162
ord_acme_00189,m_acme,cust_acme_015,2042400,paid,2026-08-27T02:35:28.463162
ord_acme_00190,m_acme,cust_acme_034,10390300,paid,2026-08-27T17:05:08.463162
ord_acme_00191,m_acme,cust_acme_014,2042400,paid,2026-08-27T19:39:14.463162
ord_acme_00192,m_acme,cust_acme_056,2042400,paid,2026-08-28T07:21:33.463162
ord_acme_00193,m_acme,cust_acme_028,2042400,paid,2026-08-29T08:51:12.463162
ord_acme_00194,m_acme,cust_acme_059,8244800,paid,2026-08-28T13:21:41.463162
ord_acme_00195,m_acme,cust_acme_049,77900,paid,2026-08-29T11:28:29.463162
ord_acme_00196,m_acme,cust_acme_007,2042400,paid,2026-08-30T10:34:10.463162
ord_acme_00197,m_acme,cust_acme_018,10741900,paid,2026-08-31T10:18:17.463162
ord_acme_00198,m_acme,cust_acme_031,101300,paid,2026-08-30T18:15:04.463162
ord_acme_00199,m_acme,cust_acme_013,10488700,paid,2026-08-30T18:44:06.463162
ord_acme_00200,m_acme,cust_acme_060,120600,paid,2026-08-31T06:07:34.463162
ord_acme_00201,m_acme,cust_acme_016,298500,paid,2026-08-31T23:40:49.463162
ord_acme_00202,m_acme,cust_acme_040,7727300,paid,2026-09-01T13:49:56.463162
ord_acme_00203,m_acme,cust_acme_057,10390300,paid,2026-09-01T14:04:58.463162
ord_acme_00204,m_acme,cust_acme_013,388700,paid,2026-09-01T22:41:52.463162
ord_acme_00205,m_acme,cust_acme_059,8492000,paid,2026-09-02T18:49:59.463162
ord_acme_00206,m_acme,cust_acme_050,8221100,paid,2026-09-02T21:23:35.463162
ord_acme_00207,m_acme,cust_acme_045,8426000,paid,2026-09-04T06:55:02.463162
ord_acme_00208,m_acme,cust_acme_040,8244800,paid,2026-09-03T17:45:09.463162
ord_acme_00209,m_acme,cust_acme_011,2042400,paid,2026-09-03T14:09:22.463162
ord_acme_00210,m_acme,cust_acme_029,388700,paid,2026-09-04T17:04:42.463162
